Date,AESO_Power_Demand,Calgary_Weather,Edmonton_Weather,FtMac_Weather
1/1/2014,9641,-5.15,-17.92,-32.4
1/2/2014,9648,-0.7,-6.69,-15.45
1/3/2014,9979,-4.1,-5.56,-19.3
1/4/2014,10044,-16.5,-18.86,-30.1
1/5/2014,9956,-19.95,-26.64,-32
1/6/2014,10037,-5.55,-15.36,-24.65
1/7/2014,9933,-6.4,-13.25,-28.35
1/8/2014,9789,-2.85,-11.84,-17.15
1/9/2014,9714,-1.2,-6.06,-10.85
1/10/2014,9581,-3.3,-6.5,-15.95
1/11/2014,9346,-1.05,-6.36,-15.4
1/12/2014,9555,-2.75,-7.56,-18.9
1/13/2014,9784,0.15,-3.14,-21.25
1/14/2014,9521,0.2,0.8,-15.05
1/15/2014,9234,4.35,2.41,-0.95
1/16/2014,9424,2.75,0.47,-5.45
1/17/2014,9443,4.85,3.2,-1.9
1/18/2014,9198,4.2,2.08,-4.3
1/19/2014,9560,2.3,1.5,-17.6
1/20/2014,9656,-1.45,-4,-21.75
1/21/2014,9780,-1.3,-1.7,-18.7
1/22/2014,9722,-4.6,-6.64,-19.9
1/23/2014,9650,1.7,-2.86,-6.55
1/24/2014,9422,6.5,5.44,-0.05
1/25/2014,9430,5.85,5,-6.9
1/26/2014,9926,-5,-5.3,-17.75
1/27/2014,10045,-11.15,-15.11,-26.3
1/28/2014,9802,-3.1,-6.56,-16.8
1/29/2014,10029,-5.15,-6.58,-22.8
1/30/2014,10165,-14.05,-16.86,-20.35
1/31/2014,9905,-13.35,-14.56,-18.3
2/1/2014,9689,-12.4,-11.44,-14.3
2/2/2014,9630,-12.1,-12.14,-14.45
2/3/2014,10040,-16.45,-14,-19.85
2/4/2014,10092,-21.55,-19.36,-22.5
2/5/2014,10085,-23.55,-22.3,-24.75
2/6/2014,10115,-17.2,-17.94,-16.15
2/7/2014,10033,-17.35,-16.56,-20.7
2/8/2014,10022,-19.55,-17.47,-27.55
2/9/2014,10162,-22.1,-22.44,-27.65
2/10/2014,10275,-20.45,-23.56,-27.6
2/11/2014,10185,-18.95,-22.7,-27.75
2/12/2014,9968,-12.4,-17.56,-28.4
2/13/2014,9801,-3.25,-15,-18.15
2/14/2014,9563,-1.85,-10.08,-18.45
2/15/2014,9387,-1,-6.19,-8.95
2/16/2014,9377,-1.55,-5.86,-11.5
2/17/2014,9434,0.15,-2.94,-11
2/18/2014,9587,-0.85,-3.58,-10.25
2/19/2014,9773,-2.45,-2.75,-10
2/20/2014,9785,-2.35,-9.94,-12.1
2/21/2014,9944,-7.9,-9.64,-17.6
2/22/2014,9912,-15.15,-17.42,-24.85
2/23/2014,10036,-20.8,-20.8,-24
2/24/2014,10273,-18.45,-20,-23.45
2/25/2014,10022,-13.95,-16.92,-21.85
2/26/2014,9982,-5.2,-12.08,-18.7
2/27/2014,10322,-7.95,-13.56,-21.05
2/28/2014,10352,-20.7,-19.5,-30.7
3/1/2014,10245,-27.75,-26.56,-28.6
3/2/2014,10068,-26,-25.36,-25.05
3/3/2014,10088,-21.35,-20.39,-26
3/4/2014,10098,-17.9,-17.78,-20.2
3/5/2014,10102,-17.5,-19.64,-18.45
3/6/2014,9987,-16.1,-19.06,-18.55
3/7/2014,9656,-9.05,-13.75,-17.8
3/8/2014,9252,3.7,-1.5,-10.05
3/9/2014,9382,4.75,5.14,-3.9
3/10/2014,9494,1.9,2.25,-7.1
3/11/2014,9539,1.75,3.7,-6.5
3/12/2014,9448,9.75,6.92,5.6
3/13/2014,9384,2.45,6.66,0.95
3/14/2014,9486,2.65,0,-4.05
3/15/2014,9205,3.45,3.39,-0.4
3/16/2014,9288,5.8,6.44,2.05
3/17/2014,9563,3.15,4.97,-0.95
3/18/2014,9519,0.35,2.14,-1.9
3/19/2014,9467,3.15,3.14,-1
3/20/2014,9898,-4.05,-1.3,-12.35
3/21/2014,9810,-12.6,-11.22,-18.9
3/22/2014,9567,-12.65,-12.5,-18.1
3/23/2014,9656,-11.25,-8.56,-14.3
3/24/2014,9768,-10.15,-8.92,-13.85
3/25/2014,9681,-7.55,-5.94,-12.05
3/26/2014,9668,-9.2,-6.84,-14.05
3/27/2014,9679,-9,-9.14,-14.3
3/28/2014,9442,-7.9,-11.14,-9.55
3/29/2014,9393,-8.4,-4.5,-12.9
3/30/2014,9712,-8.95,-8.39,-19.2
3/31/2014,9698,-11.95,-9.5,-13
4/1/2014,9533,-6.6,-6.25,-7.95
4/2/2014,9545,-1.65,-3.94,-10.3
4/3/2014,9460,-2.95,-5.86,-8.95
4/4/2014,8956,4.05,2.53,-2.5
4/5/2014,8928,4.5,2.97,-5.95
4/6/2014,9156,4.5,5.39,0.4
4/7/2014,9105,7.7,6.56,3.1
4/8/2014,9136,11,10.16,9.55
4/9/2014,9235,6.05,10.5,5.45
4/10/2014,9225,6.5,6.06,-0.15
4/11/2014,9226,6.8,7.25,-6.55
4/12/2014,9152,-2.5,0.03,-9.25
4/13/2014,9110,-1.3,-1.67,-8.4
4/14/2014,9151,5.4,4.94,-1.25
4/15/2014,9089,4.6,6.75,-1.5
4/16/2014,9338,-2,-2.14,-2.75
4/17/2014,9175,1.3,-1.86,-0.4
4/18/2014,8995,-0.45,-1.25,-1
4/19/2014,8847,4.6,3.75,3.95
4/20/2014,8681,9.45,8.36,4.9
4/21/2014,8928,8.75,8.44,8.5
4/22/2014,8886,8.9,12.78,6.15
4/23/2014,9062,7.5,10.36,7.4
4/24/2014,8818,4.3,4.44,2.5
4/25/2014,8697,3.6,4.3,3.35
4/26/2014,8756,1.55,4.25,5.05
4/27/2014,8722,5.7,6,3.05
4/28/2014,8845,7.05,7.94,6.4
4/29/2014,8839,8.25,10.06,9.35
4/30/2014,8803,10.95,13.08,9.9
5/1/2014,8784,14.85,16.61,10.7
5/2/2014,8772,5.4,10.7,1.2
5/3/2014,8698,-1.2,3.08,-1.6
5/4/2014,8470,0.7,-0.64,-0.6
5/5/2014,8718,1.4,3.36,1.45
5/6/2014,8668,0.3,4.31,2.9
5/7/2014,8714,1.95,2.92,1.5
5/8/2014,8748,7.6,8,2.4
5/9/2014,8660,5.5,8.61,3.3
5/10/2014,8613,4.45,6.06,0.95
5/11/2014,8648,4.3,6.89,6.4
5/12/2014,8928,7.4,9.39,7.75
5/13/2014,8914,10.2,10.97,7.3
5/14/2014,9041,11.6,14.94,10.35
5/15/2014,8882,10.1,14.5,7.85
5/16/2014,8546,8.5,9.64,8.5
5/17/2014,8372,10.65,11.8,10.5
5/18/2014,8291,10.4,12.94,14.4
5/19/2014,8478,11.8,10.39,12.9
5/20/2014,8631,12.9,13.5,11.15
5/21/2014,8652,15.2,16.03,14.7
5/22/2014,8778,16.55,17.86,13.8
5/23/2014,8561,18.95,19.5,19.5
5/24/2014,8320,14.05,18.86,12.5
5/25/2014,8370,12.6,15,10.1
5/26/2014,8319,13.55,13.61,10.15
5/27/2014,8513,11.2,12.06,8.75
5/28/2014,8485,8.6,10.53,7.3
5/29/2014,8335,10.95,8.92,7.45
5/30/2014,8359,13.1,14.3,11.3
5/31/2014,8189,13.6,15.75,13.25
6/1/2014,8295,12.2,15.8,14.7
6/2/2014,8527,12.5,15.8,15.9
6/3/2014,8481,13.8,17.44,16.1
6/4/2014,8516,13.95,16.39,8.65
6/5/2014,8491,8,7.11,7.85
6/6/2014,8448,9.5,10.3,8.75
6/7/2014,8278,11.35,12.34,10.15
6/8/2014,8591,12.95,14,10.55
6/9/2014,8609,12.8,14,10.05
6/10/2014,8396,10.65,11.94,13.5
6/11/2014,8428,11.65,11.39,13.75
6/12/2014,8611,13.05,15.5,15.35
6/13/2014,8540,10.5,14.94,15.95
6/14/2014,8309,11.9,15.47,16.9
6/15/2014,8386,11.3,15.56,16.75
6/16/2014,8437,10.95,14.36,15.3
6/17/2014,8592,11.15,12.7,15.65
6/18/2014,8648,11.2,14.64,18.1
6/19/2014,8597,13.4,14.75,15.95
6/20/2014,8573,15.8,18.2,15.9
6/21/2014,8216,14,18.39,15.95
6/22/2014,8508,14.95,16,17.85
6/23/2014,8822,15.25,17.92,18.4
6/24/2014,8839,17.15,20.11,20.55
6/25/2014,8691,14.65,19.92,20.7
6/26/2014,8964,14.65,16.61,18
6/27/2014,8808,15.25,18.72,17.85
6/28/2014,8576,16.1,18.97,18.65
6/29/2014,8587,13.1,16.36,19.6
6/30/2014,8802,16,17.92,20.4
7/1/2014,8705,16.4,18.64,18.45
7/2/2014,9268,18.2,21.75,19.55
7/3/2014,9306,21.3,24,21.85
7/4/2014,9138,19.6,21.2,20.65
7/5/2014,8790,19.5,19.11,18.3
7/6/2014,8827,18.6,18.97,18.9
7/7/2014,9146,17.3,19.5,17.6
7/8/2014,9416,18.9,21.39,18.85
7/9/2014,9184,21.65,21.03,22.15
7/10/2014,9068,16.7,19.64,17.6
7/11/2014,9095,15.45,17.14,16.3
7/12/2014,9122,19.3,18.56,13.75
7/13/2014,9311,20.35,20.36,16.65
7/14/2014,9449,19.65,21.86,21.3
7/15/2014,8313,19.9,22.47,21.95
7/16/2014,9668,22.6,22.84,20.5
7/17/2014,9090,19.15,20.58,16.45
7/18/2014,9099,15.65,16.3,18.45
7/19/2014,9146,19.1,17.94,16.55
7/20/2014,8866,15.65,16.06,14.8
7/21/2014,8945,15.7,16,14.3
7/22/2014,9107,16.9,18.84,17.45
7/23/2014,9400,18.4,20.89,18.75
7/24/2014,9116,16.6,21.5,21.1
7/25/2014,8779,15.5,19.11,20.1
7/26/2014,8698,16.35,15.61,19.6
7/27/2014,9053,17.9,17.44,19.4
7/28/2014,9634,18.95,22.06,20.15
7/29/2014,9656,22.05,23.61,22.15
7/30/2014,9516,23,24.06,23.85
7/31/2014,9451,20.2,24.42,20.9
8/1/2014,9218,19.55,19.89,16.05
8/2/2014,8894,21.2,21.44,17.9
8/3/2014,8921,18.75,21.39,19.85
8/4/2014,9022,16.35,20.94,21.4
8/5/2014,9511,17.75,20.25,20.35
8/6/2014,9447,19.65,21.44,22.1
8/7/2014,9188,19.45,20.64,19.5
8/8/2014,8740,15.25,18.25,15.75
8/9/2014,8671,14.4,15.86,15.45
8/10/2014,9132,17.75,19.2,17.55
8/11/2014,9525,19.65,21,18.7
8/12/2014,9641,20.5,22.97,19.05
8/13/2014,9781,22.55,22.28,23.4
8/14/2014,9633,19.5,23.06,21.15
8/15/2014,9186,18.65,23.36,20.35
8/16/2014,8832,17.6,22.8,20.65
8/17/2014,9165,19.45,20.5,22.15
8/18/2014,9504,20.1,21.56,18.85
8/19/2014,9046,17.25,20.75,18.05
8/20/2014,9003,12.2,16.84,12.95
8/21/2014,8923,10.75,14,8.75
8/22/2014,8708,10.25,12.36,8.55
8/23/2014,8525,10.6,11.44,11.4
8/24/2014,8672,11.7,14.66,14.45
8/25/2014,9019,13.8,15.5,15.5
8/26/2014,9176,17.35,19.44,18.45
8/27/2014,9105,20.25,19.8,17.65
8/28/2014,9009,11.45,17.5,10.4
8/29/2014,8855,13.4,14.11,10.5
8/30/2014,8566,14.35,15.47,14.65
8/31/2014,8526,13.3,14.2,13.3
9/1/2014,8785,13.45,12.89,11.75
9/2/2014,9021,11.5,13.5,10.25
9/3/2014,8942,9.2,11.44,10.05
9/4/2014,8945,10.5,12,9.7
9/5/2014,8961,13.95,14.44,6.4
9/6/2014,8863,16.2,16.7,7.3
9/7/2014,8840,18,18.64,5.25
9/8/2014,9066,4.85,5.86,2.9
9/9/2014,9036,0.6,3.94,1.75
9/10/2014,9115,0.4,4.08,2.95
9/11/2014,9062,3,5.86,5.25
9/12/2014,8894,4.8,7.89,7.55
9/13/2014,8647,7.4,8.58,5.45
9/14/2014,8756,11.55,12,8.15
9/15/2014,8953,13.3,14.92,12.4
9/16/2014,8975,15.7,17.11,9.55
9/17/2014,9065,16.3,16.75,8.95
9/18/2014,9045,16.35,16.53,12.35
9/19/2014,8856,15.55,16.39,15.4
9/20/2014,8710,14.05,15.78,14.7
9/21/2014,8764,16.3,18.56,17.05
9/22/2014,9083,19.35,17.86,18.8
9/23/2014,8945,16.35,16.3,15.5
9/24/2014,8896,19.5,16.36,13.8
9/25/2014,8996,17.7,15,11.3
9/26/2014,8753,10.6,9.2,4.9
9/27/2014,8568,7.45,5.56,5.1
9/28/2014,8742,8.85,8.7,6.15
9/29/2014,8854,12.95,11.7,11.65
9/30/2014,8931,8,9.5,8.9
10/1/2014,9015,8.25,7.92,5.15
10/2/2014,9079,2.55,7.16,0.85
10/3/2014,8920,5.7,2.28,-0.05
10/4/2014,8788,14.15,12.64,3.25
10/5/2014,8769,11.6,12.61,9.95
10/6/2014,8931,12.15,10.89,4.75
10/7/2014,8996,8.85,8.78,5.45
10/8/2014,9187,9.35,8.8,2.3
10/9/2014,9138,8.75,10.5,5.55
10/10/2014,8957,11.95,13,12.7
10/11/2014,8812,11.85,12.25,11.35
10/12/2014,8764,10.05,10.67,8.85
10/13/2014,8874,10.5,8.44,6.25
10/14/2014,9304,9.7,9.8,9.15
10/15/2014,9333,6.15,9.75,1.85
10/16/2014,9305,7.3,6.86,-0.7
10/17/2014,9229,8.25,8.86,5.55
10/18/2014,9111,13.95,11.56,10.35
10/19/2014,9146,10.6,9.25,7.95
10/20/2014,9348,13.55,11.3,10.2
10/21/2014,9209,11,12.72,8.05
10/22/2014,9189,8.4,8.86,7.2
10/23/2014,9079,9.65,8.64,6.65
10/24/2014,9210,5.8,9.64,2.45
10/25/2014,9119,4.1,2.61,2.1
10/26/2014,9287,3.55,2.7,0.7
10/27/2014,9378,1.2,-1.16,-0.3
10/28/2014,9386,1.45,-1.25,-0.25
10/29/2014,9256,6.6,0.25,-0.3
10/30/2014,9421,0.45,1.56,-0.6
10/31/2014,9162,8.6,3.5,1.7
11/1/2014,9217,-0.1,3.2,3.05
11/2/2014,9232,-0.55,2.44,-1.7
11/3/2014,9432,0.8,2.39,-1.45
11/4/2014,9508,5.65,2.3,-1.5
11/5/2014,9474,2.9,2.61,-0.3
11/6/2014,9365,8.85,4.94,2.2
11/7/2014,9417,3.05,1.11,-4.75
11/8/2014,9316,5.8,-0.42,-14.55
11/9/2014,9634,-6.75,-6,-16.75
11/10/2014,10039,-13.25,-13.06,-15
11/11/2014,9753,-15.15,-13.06,-16.25
11/12/2014,10061,-16.65,-13.56,-16.25
11/13/2014,10229,-15.6,-16.89,-15.8
11/14/2014,10115,-15.6,-16.7,-15.75
11/15/2014,9673,-7.9,-9.14,-10.8
11/16/2014,9867,-7.35,-11.2,-12.1
11/17/2014,9924,-4.1,-12.5,-13.75
11/18/2014,9999,-3.3,-2.78,-9.35
11/19/2014,9880,-9,-2.95,-11.35
11/20/2014,9738,-0.65,-0.78,-6.35
11/21/2014,9525,5.35,3.08,-6.25
11/22/2014,9543,1.75,-2.5,-10.4
11/23/2014,9821,-1.25,-5.5,-14.55
11/24/2014,9839,-0.45,-2,-14.25
11/25/2014,10070,-0.3,-7.56,-23.05
11/26/2014,10075,-3.7,-8.75,-24.05
11/27/2014,10327,-8.7,-14,-19.1
11/28/2014,10361,-18.85,-21.89,-23.1
11/29/2014,9356,-21.4,-24.53,-24.55
11/30/2014,10256,-20.45,-21.56,-25.2
12/1/2014,10318,-11.55,-16,-22.95
12/2/2014,10194,-8.15,-10.39,-22.25
12/3/2014,9960,-7.55,-7.31,-21.25
12/4/2014,10131,-5.5,-8.89,-16.65
12/5/2014,10098,-8.1,-9.25,-16.15
12/6/2014,9855,-0.2,-7.86,-14.1
12/7/2014,9959,0.65,-8.33,-10.95
12/8/2014,10076,-0.85,-9.39,-11.5
12/9/2014,9826,4.1,-0.86,-9.1
12/10/2014,9795,4.06,4.64,-0.65
12/11/2014,9876,5.75,5.75,-4.05
12/12/2014,9875,6.45,-0.72,-6.7
12/13/2014,9715,1.7,-3,-7.05
12/14/2014,9966,-3.5,-3.53,-5.95
12/15/2014,10186,-7.05,-8.36,-10.8
12/16/2014,10151,-9.3,-6.75,-15.3
12/17/2014,9933,-4.1,-5.53,-14.15
12/18/2014,10220,-2.1,-8.53,-11.7
12/19/2014,9966,-0.1,-8.25,-13.3
12/20/2014,9886,0.5,-5.11,-7.6
12/21/2014,9793,0.35,-3.86,-6.9
12/22/2014,10158,-1,-1.5,-9.05
12/23/2014,10121,-0.4,-3.75,-11.5
12/24/2014,9680,-1.25,-5.75,-16.2
12/25/2014,9598,-4.15,-9.83,-27.9
12/26/2014,9632,-6.9,-11.2,-26.1
12/27/2014,9862,-4.25,-8.86,-27.85
12/28/2014,10072,-11.25,-13.5,-28.55
12/29/2014,10454,-17.6,-18.03,-22.1
12/30/2014,10123,-11,-11.8,-13.75
12/31/2014,9637,-3.15,-3.5,-9.35
1/1/2015,9692,-2.45,-3.95,-12.44
1/2/2015,10227,-11.25,-14,-20.39
1/3/2015,10287,-20.35,-24.25,-27.75
1/4/2015,10387,-21.65,-25.75,-24.64
1/5/2015,10414,-17,-22.25,-19.28
1/6/2015,10449,-14.85,-18.53,-24.3
1/7/2015,10332,-3.55,-13.64,-22.64
1/8/2015,10510,-11.05,-17.3,-18
1/9/2015,10233,-12.9,-21.36,-23.36
1/10/2015,10112,-7.55,-20.94,-26.94
1/11/2015,10161,-12.85,-17.25,-25.44
1/12/2015,10125,-11.6,-12.06,-17.8
1/13/2015,9802,-2.45,-6.94,-10.3
1/14/2015,9775,3.75,-0.05,-4.66
1/15/2015,10011,3.75,-4.75,-13.3
1/16/2015,9767,4.1,-1.39,-6.34
1/17/2015,9651,4.3,-0.75,-3.39
1/18/2015,9727,1.1,-4.5,-7.7
1/19/2015,9926,2.9,-0.14,-10.14
1/20/2015,9908,-0.25,-2.36,-10.8
1/21/2015,9718,-0.1,-1.31,-6.8
1/22/2015,9626,3.65,5.44,3.3
1/23/2015,9507,7.25,3,1.81
1/24/2015,9285,6,3.92,-0.42
1/25/2015,9361,8.9,5.75,2.3
1/26/2015,9736,6.65,3.8,1.8
1/27/2015,9661,7.7,0.7,-6.3
1/28/2015,9973,1.3,-4,-14.56
1/29/2015,9910,1.2,-4.66,-18.53
1/30/2015,9978,-1.5,-9.25,-18.34
1/31/2015,10125,-12,-15.28,-24.56
2/1/2015,9975,-12.15,-15.89,-23.58
2/2/2015,10278,-14.1,-15.64,-20.14
2/3/2015,10430,-15.55,-17.39,-20.64
2/4/2015,10037,-5.65,-11.28,-19.06
2/5/2015,10312,-9.5,-11.3,-20.08
2/6/2015,10221,-13.55,-17.44,-24.56
2/7/2015,9846,-2.65,-16.36,-20.36
2/8/2015,10035,-6.05,-15.06,-19.94
2/9/2015,10117,-12.95,-15.8,-23.34
2/10/2015,9987,-9.8,-13.3,-23.16
2/11/2015,10102,-8.55,-12.56,-28.78
2/12/2015,9640,1,-2.94,-13.39
2/13/2015,9551,7.45,2.61,-12.06
2/14/2015,9282,2.6,-2.75,-10.94
2/15/2015,9340,1.45,1.86,-10.2
2/16/2015,9750,-1.3,-2.7,-16.06
2/17/2015,9962,-3.5,-11.16,-21.28
2/18/2015,9733,2.5,-3.92,-12.75
2/19/2015,9652,4.9,2.2,-5.94
2/20/2015,9878,-0.85,-2.36,-8.56
2/21/2015,9907,-8.85,-6.08,-19.34
2/22/2015,9678,-5.2,-7.84,-11.36
2/23/2015,9672,4.1,1.72,-0.11
2/24/2015,9930,6,-1.11,-5.56
2/25/2015,10173,-6,-13.06,-20.14
2/26/2015,10170,-11.5,-14.2,-19.3
2/27/2015,9862,-9.65,-11.06,-10.94
2/28/2015,9688,-8.25,-8.44,-9
3/1/2015,9917,-6.1,-8.7,-12
3/2/2015,10235,-6.5,-10.25,-7.92
3/3/2015,10145,-12.65,-14.25,-18.5
3/4/2015,10038,-7.5,-11.25,-20.86
3/5/2015,9708,2.4,-1.42,-7.78
3/6/2015,9600,5.1,2.66,-3.44
3/7/2015,9413,0.2,2,0.45
3/8/2015,9521,5,4,0.11
3/9/2015,9595,8.9,3.39,3.89
3/10/2015,9751,5,4.25,-2.3
3/11/2015,9652,8.05,1.86,-4.14
3/12/2015,9492,8.45,5.84,-2.25
3/13/2015,9397,10.9,6.86,5.14
3/14/2015,9130,11.3,7.66,7.11
3/15/2015,9364,3.6,3.66,3.66
3/16/2015,9550,-1.55,0.44,-3.3
3/17/2015,9450,-2.3,1.11,-4.89
3/18/2015,9380,4.05,4.64,-0.89
3/19/2015,9522,6.45,0.58,-2.5
3/20/2015,9509,-0.7,-2.7,-10.86
3/21/2015,9428,-1.4,-4.84,-10.7
3/22/2015,9342,-0.55,-5.5,-4.06
3/23/2015,9584,-4.05,-5.42,-1.69
3/24/2015,9466,-1.2,-0.89,-2.2
3/25/2015,9303,2.65,-1.16,-3.34
3/26/2015,9253,8.8,5.31,0.75
3/27/2015,9104,13.5,13.5,0.92
3/28/2015,9108,5.65,5.65,6.06
3/29/2015,9029,7.75,7.75,4.11
3/30/2015,9120,8.45,11.75,6.31
3/31/2015,9270,9.35,9.5,5.86
4/1/2015,9369,4.05,5.2,3.16
4/2/2015,9175,3.6,0.66,-0.94
4/3/2015,8862,3,2.44,-3.89
4/4/2015,9014,-1,2.64,-5.53
4/5/2015,8946,-2,-0.19,-8.39
4/6/2015,9111,-2.9,1.69,-2.75
4/7/2015,9085,1.6,3.39,2.75
4/8/2015,9053,3.8,5.14,2.8
4/9/2015,8949,7.85,8.14,8.28
4/10/2015,8892,7.45,9.58,10.36
4/11/2015,8859,7.3,9.84,10
4/12/2015,8965,2.25,7,7.56
4/13/2015,8967,5.3,6.47,7.56
4/14/2015,9014,5.9,6.31,5
4/15/2015,8973,6.1,7.16,4.75
4/16/2015,8952,10.35,11.3,4.92
4/17/2015,8939,10.8,11.25,5.75
4/18/2015,8641,6.25,7.06,5.86
4/19/2015,8704,5.05,5.75,5.5
4/20/2015,9029,9.55,9.44,8.92
4/21/2015,8902,14.75,12.14,5.97
4/22/2015,8653,13.05,15.8,5.97
4/23/2015,8940,6.5,12.56,6.75
4/24/2015,8877,6.9,3.89,3.94
4/25/2015,8677,1.45,3.39,0
4/26/2015,8651,3.9,3.55,2.56
4/27/2015,8807,10,10.66,9.25
4/28/2015,8835,15.55,14.64,12.7
4/29/2015,8711,10.9,14.3,12.75
4/30/2015,8711,7.3,8.8,9.14
5/1/2015,8692,10,8.75,8.58
5/2/2015,8441,6.15,8.47,6.86
5/3/2015,8566,6.85,5.86,6.66
5/4/2015,8719,10.75,9.75,4.39
5/5/2015,8672,11.4,10.22,4.56
5/6/2015,8668,5.6,4.8,3.61
5/7/2015,8644,6.25,4.2,1.8
5/8/2015,8578,7.95,6.2,5.44
5/9/2015,8428,9.05,9.89,5.25
5/10/2015,8528,9.75,9.7,7.61
5/11/2015,8598,8,9.3,10.75
5/12/2015,8618,5.4,10.2,11
5/13/2015,8657,6.3,10.7,10.94
5/14/2015,8628,6.75,11.03,12.61
5/15/2015,8565,9.7,11.44,14.08
5/16/2015,8410,5.25,12.16,11.86
5/17/2015,8194,5.25,6.36,5.39
5/18/2015,8371,8.45,10.94,10.2
5/19/2015,8669,9.25,13.39,13.75
5/20/2015,8664,11.2,15.34,14.58
5/21/2015,8728,12.95,16.7,14.94
5/22/2015,8695,13.05,16.03,16.25
5/23/2015,8422,13.9,18.08,15.97
5/24/2015,8452,14.1,18.25,15.8
5/25/2015,8607,15.15,18.75,16
5/26/2015,8560,16.15,18.42,17.3
5/27/2015,8763,16.6,17.36,12.39
5/28/2015,8444,11.7,16.56,6.69
5/29/2015,8344,10.5,10.56,7.36
5/30/2015,7991,11.45,13.89,11.8
5/31/2015,8202,16.75,15.86,11.86
6/1/2015,8421,15.6,15.25,11.47
6/2/2015,8293,11.45,13.2,8.44
6/3/2015,8305,11.2,16.89,15.75
6/4/2015,8183,14,16.89,17.25
6/5/2015,8345,14.15,16.86,17.86
6/6/2015,8438,17.65,21.2,18.75
6/7/2015,8770,19.15,20.8,19.3
6/8/2015,8920,21.6,20.66,18.56
6/9/2015,8924,17.6,18.64,15.56
6/10/2015,8979,18,18.64,12.64
6/11/2015,8956,19.4,19.5,17.56
6/12/2015,8478,8.95,18.25,15.3
6/13/2015,8379,9.5,13.89,14.92
6/14/2015,8462,10.8,10.61,12.94
6/15/2015,8648,11.55,12.5,11.86
6/16/2015,8857,15.15,16.11,10.11
6/17/2015,8647,10.7,16.44,9.25
6/18/2015,8930,14.65,15.86,12.61
6/19/2015,8891,16.25,17.2,13.11
6/20/2015,8590,12.55,15.7,13.2
6/21/2015,8584,13,15.22,17.25
6/22/2015,9118,14,16.86,15.8
6/23/2015,8910,15.8,16.97,14.75
6/24/2015,9365,16.4,18.97,18.8
6/25/2015,9424,20.25,21.64,18.75
6/26/2015,9560,22,21.66,19.66
6/27/2015,9392,22,22.89,21.86
6/28/2015,9488,22.8,25.39,22.08
6/29/2015,9040,20.15,25.22,20.56
6/30/2015,9299,19.3,19.89,20.86
7/1/2015,8911,18.4,20.61,20.75
7/2/2015,9499,19.45,22,21.36
7/3/2015,9389,22.05,22.16,22.11
7/4/2015,8549,17.8,21.84,18.56
7/5/2015,8815,13.75,17.11,16.14
7/6/2015,9244,15.35,16.8,16.61
7/7/2015,9141,15.2,17.2,15.3
7/8/2015,9510,19.8,21.06,16.36
7/9/2015,9821,23.85,25.75,16.64
7/10/2015,9681,22.5,25.42,15.56
7/11/2015,9467,22.1,23.89,20.64
7/12/2015,9353,21.5,23.94,21.06
7/13/2015,9524,18.3,24,20.25
7/14/2015,9424,17,20.11,21.47
7/15/2015,9412,18.6,19.84,18.7
7/16/2015,9188,14.65,19.16,18.64
7/17/2015,8821,13.65,17.2,17.86
7/18/2015,9035,18.95,20.2,17.64
7/19/2015,9135,21.05,20.56,16.89
7/20/2015,9536,20.95,21.92,15.8
7/21/2015,9504,20.5,20.44,15.7
7/22/2015,9333,17.8,17.28,18.75
7/23/2015,9277,16.55,15.42,18.25
7/24/2015,9419,18.65,18.75,16.61
7/25/2015,8958,18.3,18.89,17
7/26/2015,9165,15.45,16,19.06
7/27/2015,9266,12.4,17.5,17.25
7/28/2015,9388,16.05,18.14,17.14
7/29/2015,9465,17,17.5,17.25
7/30/2015,9654,17.3,19.61,17
7/31/2015,9641,20.55,21.56,16.58
8/1/2015,9242,19.25,21.34,17.14
8/2/2015,9335,21.3,20.36,16.2
8/3/2015,9721,22.25,23.64,16.56
8/4/2015,9426,17.9,22.8,17.61
8/5/2015,9275,16.3,17.89,17.84
8/6/2015,9253,13.3,16.2,17.56
8/7/2015,9139,16.15,18.42,17.44
8/8/2015,9155,17.3,20.44,18.11
8/9/2015,9325,19.7,21.2,18.75
8/10/2015,9714,19.65,21.58,21.75
8/11/2015,9861,21.6,22.78,20.86
8/12/2015,9891,21.75,22.14,20.7
8/13/2015,10008,23.35,23.14,19.56
8/14/2015,9339,18,22.8,18.5
8/15/2015,8846,11.5,14.8,16.61
8/16/2015,8960,12.5,13.06,15.03
8/17/2015,9105,13.5,14.03,15.08
8/18/2015,9202,14.55,14.5,15.22
8/19/2015,9487,17.85,20.14,19.25
8/20/2015,9283,15.5,19.44,17.92
8/21/2015,9159,7.45,14.75,10.5
8/22/2015,9036,9.7,12.06,11.2
8/23/2015,9257,14.05,15.84,11.44
8/24/2015,9340,17.4,15.7,17.08
8/25/2015,9591,18.35,17.08,14.06
8/26/2015,9433,16.3,17.5,15.5
8/27/2015,9608,17.4,19.39,15.53
8/28/2015,9390,19.15,20.75,15.7
8/29/2015,9165,20.25,19.61,18.89
8/30/2015,9020,15.35,18.5,20.7
8/31/2015,9239,15.45,16.94,15.08
9/1/2015,8975,14.65,16.36,12.53
9/2/2015,9060,15.45,15.64,7.16
9/3/2015,9111,9.15,13.2,7.53
9/4/2015,8913,5.6,10.7,9.25
9/5/2015,8748,3.7,9.61,7.53
9/6/2015,8718,5,9.86,7
9/7/2015,8667,9.95,10.64,5.86
9/8/2015,8802,10.85,10.64,8.44
9/9/2015,8721,13.3,12.25,10.06
9/10/2015,8950,12.1,15.75,10.64
9/11/2015,8913,16.8,19.11,13.89
9/12/2015,8720,19.35,18.86,13.8
9/13/2015,8665,10.15,18.47,8.7
9/14/2015,9214,6,9.89,7.64
9/15/2015,8701,8.4,8.44,5.06
9/16/2015,8724,7,7.7,5.25
9/17/2015,8739,8.15,9.36,6.92
9/18/2015,8707,11.5,12.06,10.16
9/19/2015,8529,13.8,13.92,13
9/20/2015,8722,13.15,14.36,8.25
9/21/2015,8893,5.3,8,8.25
9/22/2015,8774,8,7,3.86
9/23/2015,8885,10.9,9.84,7.56
9/24/2015,8883,12.9,12.94,11.36
9/25/2015,8744,14,12.75,12.94
9/26/2015,8748,10.25,11.25,9.39
9/27/2015,8791,9.45,9.08,9.2
9/28/2015,8865,8.05,8.5,2.92
9/29/2015,8772,10.6,10.92,11.25
9/30/2015,8905,12.65,13.56,13.25
10/1/2015,9004,12.65,16,16.3
10/2/2015,8916,11.35,16,15.92
10/3/2015,8842,1.75,5.19,3.5
10/4/2015,8936,2.6,3.75,-1.39
10/5/2015,9162,6.6,4.84,2.5
10/6/2015,8852,8.65,7.19,1.94
10/7/2015,9041,12.7,12.58,6.11
10/8/2015,8918,11.6,13.66,7.09
10/9/2015,8891,16.4,13.94,7
10/10/2015,8764,16.4,17.44,15.14
10/11/2015,8755,11.95,16.75,12.2
10/12/2015,8792,10,8.61,5.36
10/13/2015,9005,9.5,9.08,9.58
10/14/2015,9127,7.65,9.11,9.5
10/15/2015,9092,6.2,6.28,4.36
10/16/2015,9022,7.2,8.89,7.06
10/17/2015,8696,9.7,10.8,11.56
10/18/2015,8702,11.8,11,11.34
10/19/2015,8977,10.95,10.64,8.7
10/20/2015,9056,9.2,10.44,5.3
10/21/2015,8951,10.7,10.44,3.72
10/22/2015,8964,8.9,10.58,8.06
10/23/2015,9410,4.85,6.94,6.7
10/24/2015,9045,1.7,6.2,5.56
10/25/2015,9236,2.1,3.78,1.3
10/26/2015,9388,4.95,3.5,3.11
10/27/2015,9476,1.55,3.5,3.78
10/28/2015,9462,1.05,1.16,-0.42
10/29/2015,9496,6.85,6.25,1.5
10/30/2015,9288,6.7,6.44,1.56
10/31/2015,9053,3.05,4.34,2.2
11/1/2015,9204,2.9,4.81,1.25
11/2/2015,9361,0.2,1.3,0.17
11/3/2015,9349,-2.9,1.39,0.7
11/4/2015,9432,-0.45,0.14,-0.91
11/5/2015,9462,-0.4,0.16,-0.81
11/6/2015,9303,1.8,2,-1.97
11/7/2015,9168,7.5,6.42,3.08
11/8/2015,9329,2.45,3.89,-0.8
11/9/2015,9625,-1.4,1.25,-3.5
11/10/2015,9511,-3.45,-1,0.36
11/11/2015,9387,2.1,1.69,0.84
11/12/2015,9466,1,1.14,-1.16
11/13/2015,9356,3.85,1.36,3.03
11/14/2015,9300,0.35,1.86,1.34
11/15/2015,9272,6,1.31,-2
11/16/2015,9478,-0.15,0.25,-1.25
11/17/2015,9521,1.9,0.2,-3.64
11/18/2015,9706,-5.75,-3.05,-3.69
11/19/2015,9670,-6.5,-4.94,-15.64
11/20/2015,9634,-5.2,-6.75,-17.14
11/21/2015,9187,2.7,-0.89,-6.3
11/22/2015,9403,1.7,2.7,1.06
11/23/2015,9816,-4.1,1.64,-1.75
11/24/2015,9930,-9,-7.25,-8.56
11/25/2015,9970,-10,-12.39,-14.64
11/26/2015,9912,-7.1,-9.25,-10.25
11/27/2015,9795,-0.5,-2.3,-2.94
11/28/2015,9610,-2.25,-2.3,-5.61
11/29/2015,9601,-1.6,-4.11,-3.66
11/30/2015,9845,-1.75,-4.92,-4.86
12/1/2015,9866,-0.55,-5,-4.61
12/2/2015,9704,0.95,1.06,-4.06
12/3/2015,9683,1.35,0.69,-2.44
12/4/2015,9656,2.45,0.05,-2.75
12/5/2015,9644,0.3,0,-5.75
12/6/2015,9573,1.4,-2.25,-8.33
12/7/2015,9702,3.05,1,-6.06
12/8/2015,9716,3.85,0.61,-5.92
12/9/2015,9746,4,-1.33,-5.3
12/10/2015,9961,-2.5,-3.25,-4.75
12/11/2015,9923,-2.65,-2.42,-3.55
12/12/2015,9842,-5,-3.92,-4.36
12/13/2015,9817,-5,-4.2,-5.11
12/14/2015,10115,-7.65,-6,-6.06
12/15/2015,9972,-4.05,-7.56,-7.94
12/16/2015,10123,-7.5,-7.25,-11.06
12/17/2015,10291,-13.25,-9.89,-12.25
12/18/2015,10155,-14.2,-10.78,-15.84
12/19/2015,10014,-9.75,-13.2,-20.16
12/20/2015,10130,-7.25,-12.84,-14.94
12/21/2015,10228,-6.3,-11.5,-14.08
12/22/2015,10244,-9.6,-11.86,-14.06
12/23/2015,10309,-12.95,-11.44,-14.75
12/24/2015,9890,-13.5,-12.56,-18.86
12/25/2015,9932,-18,-15,-16.75
12/26/2015,9868,-14.5,-16.11,-19.64
12/27/2015,9984,-9,-15.3,-16.75
12/28/2015,10134,-8,-12.61,-15.86
12/29/2015,10217,-13.1,-13.06,-13.06
12/30/2015,10139,-10,-11.7,-9.39
12/31/2015,9638,-4,-6.69,-6.44
1/1/2016,9449,-6.25,-5.05,-4
1/2/2016,9729,-8.15,-6.9,-7.1
1/3/2016,9813,-9.2,-8.45,-13.35
1/4/2016,9983,-7.4,-13.5,-14.05
1/5/2016,9957,-11.3,-11.9,-15.2
1/6/2016,10141,-13.25,-11.8,-19.1
1/7/2016,10096,-13.3,-10.35,-16.2
1/8/2016,10269,-18.25,-14.5,-21.35
1/9/2016,10185,-18.25,-19.35,-24.4
1/10/2016,9908,-9,-11.35,-19.05
1/11/2016,10150,-5.75,-6.95,-19.8
1/12/2016,10041,-2.7,-3.6,-18.8
1/13/2016,9910,1.25,-3.4,-13.05
1/14/2016,10142,-1.55,-7.5,-16.25
1/15/2016,10303,-8.5,-15.3,-24.8
1/16/2016,10317,-15.6,-21.1,-29.85
1/17/2016,10203,-15.5,-19.85,-26.6
1/18/2016,10080,-3.7,-10.75,-16.55
1/19/2016,10255,-3.1,-13.95,-14.45
1/20/2016,10223,-9.15,-12.7,-14.25
1/21/2016,10109,-5.85,-10.65,-12.4
1/22/2016,9806,1.65,-9.75,-11.2
1/23/2016,9765,-0.9,-5.35,-10.7
1/24/2016,9830,-6.25,-4,-8.5
1/25/2016,9979,-6.8,-7.2,-9.85
1/26/2016,9687,0.9,-1.4,-5.45
1/27/2016,9677,4.95,3.1,-0.7
1/28/2016,9495,5.4,4.05,0
1/29/2016,9471,1.2,0.2,1.3
1/30/2016,9503,-0.2,-3.6,-4.85
1/31/2016,9765,-1.45,-4.65,-12.25
2/1/2016,9885,-3.6,-6.75,-15.7
2/2/2016,9816,-5.7,-4.15,-14.65
2/3/2016,9889,-6.8,-6.35,-14.5
2/4/2016,9859,-0.15,-7.35,-13.95
2/5/2016,9622,4.8,-1.05,-8.05
2/6/2016,9473,2.5,3.75,-4.9
2/7/2016,9569,0,-0.4,-12.35
2/8/2016,9560,3.3,1.4,-6.7
2/9/2016,9598,6.9,5.55,-4.8
2/10/2016,9710,1.25,0.05,-11.95
2/11/2016,9838,1.5,-5.65,-16.5
2/12/2016,9822,-1.55,-6.9,-15.8
2/13/2016,9437,1.2,-0.35,-6.9
2/14/2016,9346,3.6,0.75,-6.15
2/15/2016,9476,3,1.65,-8
2/16/2016,9633,2.45,2.25,-5.6
2/17/2016,9726,0.65,-0.25,-9.3
2/18/2016,9672,3.25,0.2,-7.3
2/19/2016,9770,3,-4.7,-11.85
2/20/2016,9599,-2.55,-7.55,-19.5
2/21/2016,9714,-0.1,0.7,-7.5
2/22/2016,9587,-0.4,0.1,-6.7
2/23/2016,9793,-0.9,0.25,-4.8
2/24/2016,9518,-3.55,-3.75,-4.8
2/25/2016,9485,2.7,1.45,1.55
2/26/2016,9330,7.55,5.75,1.25
2/27/2016,9434,4.6,3.1,-7.65
2/28/2016,9682,0.45,-5.7,-21.05
2/29/2016,9791,-4.65,-10.25,-20.05
3/1/2016,9607,-0.55,-1.5,-9.05
3/2/2016,9647,-1.25,0.5,-5.85
3/3/2016,9726,4,0.85,-6.95
3/4/2016,9474,3.8,1.6,-7.35
3/5/2016,9281,6.55,5.8,-4.75
3/6/2016,9362,3.95,-0.95,-6.4
3/7/2016,9544,3.9,-0.3,-4.3
3/8/2016,9551,2.55,0.75,-4.05
3/9/2016,9371,0.95,2.9,-1.6
3/10/2016,9498,6.5,5.95,-4.85
3/11/2016,9166,5.3,7.3,-0.6
3/12/2016,9200,6.9,6.45,1.65
3/13/2016,9395,4.05,4.35,1.65
3/14/2016,9553,0.55,-0.25,-2.55
3/15/2016,9514,-0.05,0.9,-4.4
3/16/2016,9552,2.45,0.45,-6.55
3/17/2016,9489,-1.55,-3.25,-7.9
3/18/2016,9352,-3.05,-1.2,-4
3/19/2016,9237,1.6,3.15,-3.95
3/20/2016,9232,4.55,2.5,-0.85
3/21/2016,9437,0.9,-1.95,-4
3/22/2016,9393,-1.1,-3.25,-5.95
3/23/2016,9450,1.85,1.3,-5.75
3/24/2016,9729,3.55,0.2,-11.05
3/25/2016,8962,2.4,3.7,-7.55
3/26/2016,9050,3.05,5.3,-1.95
3/27/2016,9032,2.4,6.75,0.35
3/28/2016,9120,5.65,6.95,2.95
3/29/2016,9019,5,7,3.6
3/30/2016,9094,9.1,8.25,4.35
3/31/2016,8946,5.95,4.8,-1.75
4/1/2016,8773,11.85,9.75,-0.6
4/2/2016,8595,11.75,12.7,0.65
4/3/2016,8647,8.85,8,-5.15
4/4/2016,8711,7.25,7,-1.45
4/5/2016,8771,7.85,6.85,2.55
4/6/2016,8741,9.35,8.35,-0.65
4/7/2016,8872,6.65,6.95,-2.6
4/8/2016,8700,11.35,10.55,-0.85
4/9/2016,8710,10.3,5.6,-0.8
4/10/2016,8735,1.95,0.8,-4.35
4/11/2016,8624,6.4,6.7,2.95
4/12/2016,8656,8.85,11.7,4.85
4/13/2016,8641,10.55,9.95,3.3
4/14/2016,8686,4.15,6.05,-0.45
4/15/2016,8517,6.8,6.2,1.7
4/16/2016,8302,8.25,11.4,10.05
4/17/2016,8635,10.3,14.15,11.8
4/18/2016,8742,12.25,17.75,14.05
4/19/2016,8761,15.25,16.55,15.7
4/20/2016,8793,12.35,9.3,2.75
4/21/2016,8743,11.95,7.65,2.25
4/22/2016,8605,8.7,6.95,2.1
4/23/2016,8640,4.5,3.6,5.65
4/24/2016,8672,3.85,2.45,7.6
4/25/2016,8957,3.3,3.4,4.9
4/26/2016,8695,6.1,8.55,4.95
4/27/2016,8749,6.45,9.9,7.35
4/28/2016,8687,6.55,10,9.4
4/29/2016,8657,6.7,13.4,15.7
4/30/2016,8534,9.15,11.65,12.9
5/1/2016,8489,10.35,14.5,12.9
5/2/2016,8905,14.2,18.65,15.7
5/3/2016,8785,16.1,21.4,22.1
5/4/2016,8537,16.9,20.05,19.6
5/5/2016,8073,15.55,14.05,15.15
5/6/2016,7896,11,12.65,11.15
5/7/2016,7930,15.45,19.1,16.7
5/8/2016,7611,12.5,13.6,12.6
5/9/2016,7852,6.55,7.65,6.4
5/10/2016,7833,6.25,8.55,6.9
5/11/2016,7804,7.15,8.6,4.2
5/12/2016,7900,4.45,6.6,6
5/13/2016,7850,4.4,7.9,7.8
5/14/2016,7759,6.15,11.1,10.35
5/15/2016,8059,8.6,13.6,12.65
5/16/2016,8256,11.35,18.25,16.2
5/17/2016,8096,16.3,17.65,17.1
5/18/2016,8309,15.55,18.1,16
5/19/2016,8281,8.95,14.35,10
5/20/2016,8046,5.15,4.75,10.85
5/21/2016,7764,4.4,4.9,10.15
5/22/2016,7857,2.85,6.3,10.65
5/23/2016,7802,6.35,8.5,11.3
5/24/2016,8058,9.95,13.15,11.65
5/25/2016,8017,12.25,16,14.15
5/26/2016,7921,12.5,16.6,13.2
5/27/2016,7865,9.25,14.2,15.15
5/28/2016,7660,8.6,12.5,14.35
5/29/2016,7900,12.7,13.1,13.15
5/30/2016,7914,10.15,9.6,13.85
5/31/2016,8080,10.45,12.55,13.65
6/1/2016,8102,13.25,17,13.3
6/2/2016,7987,15.4,17.15,14
6/3/2016,8169,15.5,17.1,17
6/4/2016,8023,17.7,18.75,17.5
6/5/2016,8296,18.2,18.4,15.1
6/6/2016,8723,21.25,22.4,21.1
6/7/2016,8799,22.25,21.95,21.75
6/8/2016,8439,20.55,19.75,16.35
6/9/2016,8191,18.2,14.55,12.75
6/10/2016,8006,13,14.9,14.95
6/11/2016,7832,14.1,12.25,13.45
6/12/2016,8082,12.9,14.65,13.8
6/13/2016,8347,15.05,15.15,17.05
6/14/2016,8157,13.25,14.55,16.55
6/15/2016,7997,10.1,13.9,13.75
6/16/2016,8195,11,11.65,13.6
6/17/2016,8249,12.9,13.75,14.7
6/18/2016,8178,11.15,16.1,14.4
6/19/2016,8422,15.45,17.5,14.55
6/20/2016,8825,15.7,17.5,14.25
6/21/2016,8634,15.3,19.25,17.5
6/22/2016,8710,16.15,18.45,18.55
6/23/2016,8775,16.55,18.8,18.95
6/24/2016,8519,13.3,16,17.25
6/25/2016,8370,15.45,18.1,17.8
6/26/2016,8679,16.2,19.45,18.45
6/27/2016,9107,16.95,19.9,18.7
6/28/2016,9086,17.55,21.65,21.2
6/29/2016,9275,17.45,20.75,19.65
6/30/2016,8847,17.75,19.65,21.6
7/1/2016,8845,16.95,18.25,21.5
7/2/2016,8650,17.45,19.5,19.1
7/3/2016,8508,17.55,19.2,19.35
7/4/2016,8650,14.15,16.6,16.3
7/5/2016,8897,11.9,17.05,17.15
7/6/2016,8920,14.9,18.1,15.45
7/7/2016,9096,16.2,18.15,14
7/8/2016,8890,18.55,18.65,17.1
7/9/2016,8657,15.75,17.1,19.75
7/10/2016,8807,15.05,16.65,19.25
7/11/2016,9028,15.4,18.4,19.5
7/12/2016,8997,16.35,19.75,19.95
7/13/2016,9036,15.55,19.65,19.15
7/14/2016,9029,15.3,18.25,15.55
7/15/2016,8712,11.55,16.5,18.55
7/16/2016,8662,13.45,18.75,18.75
7/17/2016,8820,14.55,17.05,16.85
7/18/2016,9037,15.05,19.95,17.35
7/19/2016,9292,18.6,20.85,22.25
7/20/2016,9037,18.05,19.3,17.9
7/21/2016,9300,17.9,20.7,15.95
7/22/2016,9104,16.2,20.7,15.35
7/23/2016,8886,17.25,19.65,17.75
7/24/2016,9197,17.3,20.6,18.5
7/25/2016,9462,18.05,20.2,16.9
7/26/2016,9397,18.4,20.75,20.05
7/27/2016,9579,19.9,21.9,20.5
7/28/2016,9232,19.05,21.3,21.75
7/29/2016,9398,19.05,20.9,21
7/30/2016,8762,18.05,19.1,20
7/31/2016,8523,13.3,15.6,16.4
8/1/2016,8798,14.8,17.65,18.15
8/2/2016,9246,16.3,18.5,18.6
8/3/2016,9143,14.35,17.95,17.3
8/4/2016,9364,16.75,18.85,19
8/5/2016,9300,18.05,19,19.45
8/6/2016,9013,14.35,20.2,18.55
8/7/2016,9132,17.8,20.3,18.2
8/8/2016,9303,16.8,18.2,19.45
8/9/2016,9778,16.6,18.35,18.75
8/10/2016,9320,15.1,18.15,19.1
8/11/2016,9319,16.7,19.75,20.5
8/12/2016,9210,16.7,19.1,18.3
8/13/2016,9119,16.95,20.55,18.35
8/14/2016,9135,17.35,20.55,19.05
8/15/2016,9489,17.65,21.05,19.85
8/16/2016,9612,19.45,21.2,20.4
8/17/2016,9220,16.95,19,15.85
8/18/2016,9167,13.85,16.3,15
8/19/2016,9099,13.75,15.25,13.1
8/20/2016,9118,16.7,18.55,14.6
8/21/2016,9279,19.45,17.85,15.65
8/22/2016,9073,12.25,14.25,15.5
8/23/2016,9070,12.65,13.55,17.4
8/24/2016,9050,12.6,15.7,15.8
8/25/2016,9130,13.15,15.8,14.05
8/26/2016,9243,13.3,15.25,14.15
8/27/2016,8820,17.1,15.1,13.3
8/28/2016,8943,10.5,11.25,10.9
8/29/2016,9218,15.45,12.5,9.9
8/30/2016,9379,17.5,17.45,11.75
8/31/2016,9444,19.05,19.15,13.25
9/1/2016,9251,18.15,17.95,13.55
9/2/2016,8915,10.2,11.5,13.1
9/3/2016,8754,10.7,11.15,9.85
9/4/2016,8808,7.85,7.9,9.25
9/5/2016,8845,9.55,12.15,9.1
9/6/2016,8945,9.1,12.2,11.45
9/7/2016,8982,10.8,12.2,11.8
9/8/2016,8822,11.25,11.3,11.65
9/9/2016,8818,11.4,13.6,10.95
9/10/2016,8694,15.3,15.85,12.75
9/11/2016,8827,6.45,8.45,7.9
9/12/2016,8944,6.6,8.7,8.35
9/13/2016,8913,9.3,12.85,14.85
9/14/2016,8982,13.9,16.05,14.95
9/15/2016,9034,14.05,16.8,11.8
9/16/2016,8937,14.2,17,15.5
9/17/2016,8718,15.35,15.6,13.75
9/18/2016,8824,10.65,12.55,12.45
9/19/2016,8961,9.1,11.05,10.05
9/20/2016,8927,5.45,9.25,9.4
9/21/2016,8875,7.75,9.65,8.75
9/22/2016,9061,6.55,10.45,11
9/23/2016,8915,11.5,10.45,9.35
9/24/2016,8832,10.2,11.45,11.3
9/25/2016,8725,9.55,10.05,9.8
9/26/2016,9040,15.6,15.8,13.6
9/27/2016,8927,13.6,10.25,10.65
9/28/2016,8942,9.65,9.05,8.45
9/29/2016,8909,9.1,9.95,7.35
9/30/2016,8821,10.45,10.05,6.15
10/1/2016,8634,8.05,7.75,6.25
10/2/2016,8707,6.95,7.8,3.95
10/3/2016,8928,6.1,7.65,4.2
10/4/2016,8957,5.65,6.6,4.1
10/5/2016,9085,1.3,3.2,0.5
10/6/2016,9198,0.85,-0.4,-1.45
10/7/2016,9037,-1.35,-1.9,0.9
10/8/2016,9252,-0.15,-0.15,-0.15
10/9/2016,9095,0.75,0.3,0.2
10/10/2016,9169,-1.95,-0.7,-0.9
10/11/2016,9211,-0.9,1,-1.35
10/12/2016,9371,2.05,0.3,-1.65
10/13/2016,9213,2.9,-0.75,-4.55
10/14/2016,9363,1.75,-1.1,-2.5
10/15/2016,9050,1.2,-0.4,-2.05
10/16/2016,9150,6.65,-0.55,-1.5
10/17/2016,9351,-0.8,0.5,-0.8
10/18/2016,9207,0.85,0.9,-1
10/19/2016,9177,5.75,5,-0.1
10/20/2016,9183,5.55,7.05,1.6
10/21/2016,9249,4.85,6.8,2.45
10/22/2016,9104,5,4.5,0.4
10/23/2016,9286,2.75,4.25,1.45
10/24/2016,9496,1.35,2.4,2
10/25/2016,9507,4.8,3.05,1.8
10/26/2016,9476,2.15,4.5,1.75
10/27/2016,9541,6.65,2.25,1.2
10/28/2016,9451,2,2.4,1.05
10/29/2016,9243,2.3,4,2.25
10/30/2016,9367,5.55,2.85,1.35
10/31/2016,9524,2,2.1,-0.35
11/1/2016,9580,3.55,-0.5,-5.2
11/2/2016,9553,5.15,1.65,-5.5
11/3/2016,9429,9.4,9.5,2.05
11/4/2016,9282,7.6,11.45,7.1
11/5/2016,9268,8.9,9.4,4.6
11/6/2016,9183,5.3,5.25,4
11/7/2016,9437,4,4.6,5.35
11/8/2016,9333,13.95,11.2,4.95
11/9/2016,9454,11.65,9.7,5.55
11/10/2016,9566,4.5,5.25,3.8
11/11/2016,9021,5.45,7.45,5.1
11/12/2016,9167,8.6,7.1,3.85
11/13/2016,9190,7.45,6.85,2.55
11/14/2016,9438,4.1,4.3,4.25
11/15/2016,9692,-1.25,0,0.65
11/16/2016,9683,-2.15,0.7,-3.8
11/17/2016,9841,-4.3,-3.8,-7.25
11/18/2016,9696,-3.65,-4.05,-11.75
11/19/2016,9663,-2.9,-3.4,-9.35
11/20/2016,9550,-0.65,-3.65,-7.1
11/21/2016,9819,3.45,-3.6,-3.2
11/22/2016,9874,-3.8,-2.55,-4.7
11/23/2016,9754,-4.25,-4,-2.45
11/24/2016,9726,0.95,-2.1,-1.25
11/25/2016,9750,1.75,0.8,-0.4
11/26/2016,9697,0.25,-2.45,-7.3
11/27/2016,9748,-0.35,-2.35,-7.25
11/28/2016,10017,-0.85,-2.2,-3.9
11/29/2016,10045,-2.7,-7.15,-4.8
11/30/2016,9997,-8.5,-7.15,-6.05
12/1/2016,9882,-2.6,-5.15,-4.45
12/2/2016,9794,-3.4,-5.7,-4.85
12/3/2016,9676,-1.25,-1.1,-3.6
12/4/2016,10206,-6.85,-8.1,-6.15
12/5/2016,10562,-14.9,-16.85,-14.9
12/6/2016,10740,-19.9,-18.7,-18.4
12/7/2016,10740,-21.95,-20,-25.4
12/8/2016,10889,-22.35,-21.25,-29.75
12/9/2016,10710,-22.3,-20.7,-32.9
12/10/2016,10633,-21.25,-21.5,-29.85
12/11/2016,10542,-19.9,-20.15,-23.3
12/12/2016,10571,-15,-14,-19.4
12/13/2016,10567,-15.05,-14.75,-20.8
12/14/2016,10702,-14.75,-13.9,-22.2
12/15/2016,10913,-18.05,-19.1,-24.7
12/16/2016,10917,-21.5,-21.25,-31.25
12/17/2016,10392,-15.45,-19.35,-34.15
12/18/2016,10061,-4.1,-3.9,-24.35
12/19/2016,10249,-0.8,1,-17.05
12/20/2016,10227,-0.35,-4.55,-10.25
12/21/2016,10246,-1.35,-0.9,-4.3
12/22/2016,10156,1.8,-1.55,-6.1
12/23/2016,10252,-5.6,-5.1,-19.1
12/24/2016,9910,-11.65,-11.35,-22.25
12/25/2016,10125,-19.5,-18.65,-20.55
12/26/2016,10003,-13.6,-17.3,-18.65
12/27/2016,10012,-3.6,-5.5,-8.05
12/28/2016,10127,-3.95,-2.75,-9.55
12/29/2016,10068,-6.85,-7.6,-14.75
12/30/2016,9966,-5.9,-5.1,-12
12/31/2016,9811,-8.85,-5.56,-13.9
1/1/2017,10116,-13.3,-12.95,-18.5
1/2/2017,10613,-20.55,-18.05,-21.3
1/3/2017,10682,-19.85,-17.15,-19.4
1/4/2017,10456,-13.35,-10.85,-12.25
1/5/2017,10497,-10.5,-10.7,-14.35
1/6/2017,10559,-14,-14.6,-23.95
1/7/2017,10600,-17.55,-17.75,-25.85
1/8/2017,10559,-18.8,-19.45,-28.65
1/9/2017,10766,-21.9,-18.5,-24
1/10/2017,10681,-20.95,-21.35,-31.5
1/11/2017,10615,-15.95,-15.2,-23.2
1/12/2017,10452,-11.85,-19.44,-31
1/13/2017,10251,-8.95,-11.25,-17.5
1/14/2017,9860,-4.65,-6.4,-7.6
1/15/2017,9857,1.5,1.55,0.7
1/16/2017,9920,0.3,-1.19,3.05
1/17/2017,9743,5.6,3.3,2
1/18/2017,9850,2.05,3.55,-1.45
1/19/2017,9799,3.2,1.35,-5.95
1/20/2017,9910,-0.75,-0.55,-4.65
1/21/2017,10065,-5.05,-6.75,-8.7
1/22/2017,10106,-5,-7.55,-16.15
1/23/2017,10324,-5.65,-9.15,-18.2
1/24/2017,10110,-6,-6.9,-15.6
1/25/2017,10112,-3.6,-8,-13.55
1/26/2017,10024,-2.45,-3.4,-4.65
1/27/2017,9808,-1.2,0.95,-2.9
1/28/2017,9614,7.4,3.1,-0.35
1/29/2017,9665,8.45,1.6,1.65
1/30/2017,10023,-0.1,-0.65,-7.4
1/31/2017,10265,-8.85,-8.45,-14.95
2/1/2017,10379,-10.1,-10,-15.7
2/2/2017,10275,-11.15,-12.75,-15.9
2/3/2017,10272,-15,-12.35,-15.15
2/4/2017,10234,-16.2,-15.65,-22.1
2/5/2017,10392,-18,-19.85,-26.45
2/6/2017,10715,-23.25,-22.4,-27.56
2/7/2017,10628,-25.5,-22.35,-24.85
2/8/2017,10642,-22.35,-16.65,-16.9
2/9/2017,10347,-12.1,-14.78,-17.95
2/10/2017,10101,-6.6,-12.1,-16.7
2/11/2017,9892,-2.25,-3.72,-5.4
2/12/2017,9774,0.55,1.2,2.25
2/13/2017,9844,3.75,5,1.55
2/14/2017,9647,2.9,4.42,3.3
2/15/2017,9568,6.5,8.36,3.3
2/16/2017,9706,6.2,7.15,6.35
2/17/2017,9533,4.8,3.65,1.05
2/18/2017,9676,-1.85,0.75,-2.05
2/19/2017,9448,-1.6,1.25,-2.36
2/20/2017,9608,-3.95,-0.25,-2
2/21/2017,9916,-1.4,1.11,-5.75
2/22/2017,10068,-4.2,-3.36,-12.4
2/23/2017,10147,-5.35,-2.8,-12.5
2/24/2017,10161,-8.75,-7.05,-16.85
2/25/2017,9986,-7.6,-8.3,-15.11
2/26/2017,10206,-10,-10.7,-17.55
2/27/2017,10107,-12.45,-10.15,-18.5
2/28/2017,9995,-10.35,-10.2,-20.25
3/1/2017,10087,-6.35,-10.08,-22.6
3/2/2017,9951,-5.15,-7.3,-19.14
3/3/2017,9836,1.65,1.1,-5.31
3/4/2017,10030,-8,-8.75,-10.03
3/5/2017,10065,-11.8,-13.7,-16.61
3/6/2017,10211,-13.4,-13.7,-16.36
3/7/2017,10273,-13.55,-15.2,-19.39
3/8/2017,10374,-17.25,-16.84,-24
3/9/2017,10392,-20.25,-18.39,-26.11
3/10/2017,10393,-18.95,-18.34,-23.11
3/11/2017,10137,-18.75,-16.86,-17.06
3/12/2017,10208,-16.1,-14,-15.4
3/13/2017,10091,-4.05,-10.39,-7.85
3/14/2017,9623,3.45,-3.08,-0.8
3/15/2017,9590,6.15,0.72,3.7
3/16/2017,9749,3.45,1.1,1.44
3/17/2017,9457,0.35,-0.64,-0.33
3/18/2017,9309,5.95,4.6,-1.34
3/19/2017,9606,-0.45,3.47,-5.75
3/20/2017,9836,-2.65,-2,-13.15
3/21/2017,9546,0.65,-2.47,-7.84
3/22/2017,9625,6.05,0.58,-2.65
3/23/2017,9580,3.95,0.36,-2.8
3/24/2017,9371,5.2,0.6,0.15
3/25/2017,9195,5.7,4.61,0.25
3/26/2017,9219,2.65,4.06,1.44
3/27/2017,9243,5.7,4.08,3.3
3/28/2017,9479,4.8,4.25,5.36
3/29/2017,9327,4.45,5.25,4.19
3/30/2017,9439,4.05,5.3,3.85
3/31/2017,9288,6.05,5.58,5.85
4/1/2017,9066,7.5,5.3,5.85
4/2/2017,9122,-0.1,5.6,7.11
4/3/2017,9284,1.05,5.55,5.35
4/4/2017,9234,1.9,5.25,4
4/5/2017,9082,6.05,6.44,5.11
4/6/2017,9206,11.7,10.06,10
4/7/2017,9118,3.6,9.3,9.5
4/8/2017,9049,7.35,6.2,0.35
4/9/2017,9150,4.95,2.8,1
4/10/2017,9206,4.05,2.3,3.15
4/11/2017,9156,4.6,4.3,3.1
4/12/2017,9137,3,4.25,0.3
4/13/2017,9181,2.1,3.45,2.35
4/14/2017,8870,4.75,0.39,2.35
4/15/2017,8886,-0.25,-1.2,-0.8
4/16/2017,8854,1.9,-1,-0.35
4/17/2017,9054,4.5,2.75,-0.7
4/18/2017,9179,7.15,2.15,-2.85
4/19/2017,9061,7.7,4.6,-1
4/20/2017,9140,7.75,8.14,2.75
4/21/2017,9143,7.25,7,0.25
4/22/2017,9002,4.9,3.8,-3.55
4/23/2017,9031,5.75,1.1,-2.9
4/24/2017,9128,2.2,0.3,-2.65
4/25/2017,9171,-0.8,1.19,0.85
4/26/2017,9193,-0.4,1,3
4/27/2017,9128,4.45,2.89,7.1
4/28/2017,9027,4.25,4.5,6.2
4/29/2017,8710,7,7.44,5.9
4/30/2017,8876,8.5,7.7,7
5/1/2017,9005,5.9,8.44,8.3
5/2/2017,8930,6.85,9,7.05
5/3/2017,8872,10.2,11.39,10.35
5/4/2017,9055,16.05,16.2,13.75
5/5/2017,8989,15.5,20.56,14.95
5/6/2017,8787,16.45,16.45,14.8
5/7/2017,8682,7.15,15.75,10.9
5/8/2017,8830,9.7,11.66,9.55
5/9/2017,8728,11.85,14,10.58
5/10/2017,8909,12.45,15.84,10.5
5/11/2017,9036,13.35,15.25,12.75
5/12/2017,8967,14.1,15.4,12.5
5/13/2017,8838,10.35,13.8,5.85
5/14/2017,8930,8.1,6.25,2.8
5/15/2017,9064,7.35,8.94,5.65
5/16/2017,9031,6.2,8,6.15
5/17/2017,8862,5.3,7.6,8.55
5/18/2017,9020,9.1,11.7,8.75
5/19/2017,8817,10.3,12.3,12.65
5/20/2017,8564,11.65,14.25,13.75
5/21/2017,8559,13.45,16.36,11.8
5/22/2017,9036,17.15,19.44,14.4
5/23/2017,9344,19.55,21.89,20.85
5/24/2017,8989,10.15,14.85,19.3
5/25/2017,8843,9.3,14.45,14.7
5/26/2017,8817,10.85,15.14,11.05
5/27/2017,8834,17.35,16.92,13.45
5/28/2017,8859,14.65,17.15,13.45
5/29/2017,9100,14.7,15,11.45
5/30/2017,9234,16.4,18.89,16.2
5/31/2017,9336,18.8,22.5,21.85
6/1/2017,9374,17.3,22.55,21.6
6/2/2017,8718,16.9,18.8,17.6
6/3/2017,8889,16.05,15.89,17.6
6/4/2017,8991,16.5,16.1,16.45
6/5/2017,8795,14.15,16.9,16.85
6/6/2017,8828,14.45,16.61,15.3
6/7/2017,9220,16.85,21.66,19.35
6/8/2017,8992,18.55,21.9,21.55
6/9/2017,8777,13.6,13.8,18.65
6/10/2017,8586,7.85,13.5,11.95
6/11/2017,8586,12.95,11.85,10.85
6/12/2017,8857,14.7,17.3,13.25
6/13/2017,8728,12.55,16.6,16.4
6/14/2017,8771,13.25,14.7,14.1
6/15/2017,8716,11.95,15.05,14.9
6/16/2017,8737,15.5,16.1,15.14
6/17/2017,8593,14.35,15.7,16.8
6/18/2017,8702,14.95,16.3,14.7
6/19/2017,8917,13.8,15.16,15.7
6/20/2017,8823,18.9,17.5,15.15
6/21/2017,9032,13.15,14.6,11.55
6/22/2017,9096,11.75,12.55,10.35
6/23/2017,8965,13.8,14.25,12.15
6/24/2017,8899,14.8,16.25,14.11
6/25/2017,9246,17,19.05,14.75
6/26/2017,9541,21.65,21.55,20.3
6/27/2017,9049,16.45,14.5,16
6/28/2017,9030,13.2,14.3,13.5
6/29/2017,9291,15.95,15.45,16.05
6/30/2017,9344,19.15,21,17.15
7/1/2017,8848,19.5,19.64,18.42
7/2/2017,9303,20,19.94,21.75
7/3/2017,9302,18.5,19.06,20.2
