Date,Calgary_Weather,Edmonton_Weather,FtMac_Weather,AESO_POWER_DEMAND_LABEL
1/1/2014,-5.15,-17.92,-32.4,1
1/2/2014,-0.7,-6.69,-15.45,1
1/3/2014,-4.1,-5.56,-19.3,1
1/4/2014,-16.5,-18.86,-30.1,1
1/5/2014,-19.95,-26.64,-32,1
1/6/2014,-5.55,-15.36,-24.65,1
1/7/2014,-6.4,-13.25,-28.35,1
1/8/2014,-2.85,-11.84,-17.15,1
1/9/2014,-1.2,-6.06,-10.85,1
1/10/2014,-3.3,-6.5,-15.95,1
1/11/2014,-1.05,-6.36,-15.4,1
1/12/2014,-2.75,-7.56,-18.9,1
1/13/2014,0.15,-3.14,-21.25,1
1/14/2014,0.2,0.8,-15.05,1
1/15/2014,4.35,2.41,-0.95,1
1/16/2014,2.75,0.47,-5.45,1
1/17/2014,4.85,3.2,-1.9,1
1/18/2014,4.2,2.08,-4.3,1
1/19/2014,2.3,1.5,-17.6,1
1/20/2014,-1.45,-4,-21.75,1
1/21/2014,-1.3,-1.7,-18.7,1
1/22/2014,-4.6,-6.64,-19.9,1
1/23/2014,1.7,-2.86,-6.55,1
1/24/2014,6.5,5.44,-0.05,1
1/25/2014,5.85,5,-6.9,1
1/26/2014,-5,-5.3,-17.75,1
1/27/2014,-11.15,-15.11,-26.3,1
1/28/2014,-3.1,-6.56,-16.8,1
1/29/2014,-5.15,-6.58,-22.8,1
1/30/2014,-14.05,-16.86,-20.35,1
1/31/2014,-13.35,-14.56,-18.3,1
2/1/2014,-12.4,-11.44,-14.3,1
2/2/2014,-12.1,-12.14,-14.45,1
2/3/2014,-16.45,-14,-19.85,1
2/4/2014,-21.55,-19.36,-22.5,1
2/5/2014,-23.55,-22.3,-24.75,1
2/6/2014,-17.2,-17.94,-16.15,1
2/7/2014,-17.35,-16.56,-20.7,1
2/8/2014,-19.55,-17.47,-27.55,1
2/9/2014,-22.1,-22.44,-27.65,1
2/10/2014,-20.45,-23.56,-27.6,1
2/11/2014,-18.95,-22.7,-27.75,1
2/12/2014,-12.4,-17.56,-28.4,1
2/13/2014,-3.25,-15,-18.15,1
2/14/2014,-1.85,-10.08,-18.45,1
2/15/2014,-1,-6.19,-8.95,1
2/16/2014,-1.55,-5.86,-11.5,1
2/17/2014,0.15,-2.94,-11,1
2/18/2014,-0.85,-3.58,-10.25,1
2/19/2014,-2.45,-2.75,-10,1
2/20/2014,-2.35,-9.94,-12.1,1
2/21/2014,-7.9,-9.64,-17.6,1
2/22/2014,-15.15,-17.42,-24.85,1
2/23/2014,-20.8,-20.8,-24,1
2/24/2014,-18.45,-20,-23.45,1
2/25/2014,-13.95,-16.92,-21.85,1
2/26/2014,-5.2,-12.08,-18.7,1
2/27/2014,-7.95,-13.56,-21.05,1
2/28/2014,-20.7,-19.5,-30.7,1
3/1/2014,-27.75,-26.56,-28.6,1
3/2/2014,-26,-25.36,-25.05,1
3/3/2014,-21.35,-20.39,-26,1
3/4/2014,-17.9,-17.78,-20.2,1
3/5/2014,-17.5,-19.64,-18.45,1
3/6/2014,-16.1,-19.06,-18.55,1
3/7/2014,-9.05,-13.75,-17.8,1
3/8/2014,3.7,-1.5,-10.05,1
3/9/2014,4.75,5.14,-3.9,1
3/10/2014,1.9,2.25,-7.1,1
3/11/2014,1.75,3.7,-6.5,1
3/12/2014,9.75,6.92,5.6,1
3/13/2014,2.45,6.66,0.95,1
3/14/2014,2.65,0,-4.05,1
3/15/2014,3.45,3.39,-0.4,1
3/16/2014,5.8,6.44,2.05,1
3/17/2014,3.15,4.97,-0.95,1
3/18/2014,0.35,2.14,-1.9,1
3/19/2014,3.15,3.14,-1,1
3/20/2014,-4.05,-1.3,-12.35,1
3/21/2014,-12.6,-11.22,-18.9,1
3/22/2014,-12.65,-12.5,-18.1,1
3/23/2014,-11.25,-8.56,-14.3,1
3/24/2014,-10.15,-8.92,-13.85,1
3/25/2014,-7.55,-5.94,-12.05,1
3/26/2014,-9.2,-6.84,-14.05,1
3/27/2014,-9,-9.14,-14.3,1
3/28/2014,-7.9,-11.14,-9.55,1
3/29/2014,-8.4,-4.5,-12.9,1
3/30/2014,-8.95,-8.39,-19.2,1
3/31/2014,-11.95,-9.5,-13,1
4/1/2014,-6.6,-6.25,-7.95,1
4/2/2014,-1.65,-3.94,-10.3,1
4/3/2014,-2.95,-5.86,-8.95,1
4/4/2014,4.05,2.53,-2.5,1
4/5/2014,4.5,2.97,-5.95,1
4/6/2014,4.5,5.39,0.4,1
4/7/2014,7.7,6.56,3.1,1
4/8/2014,11,10.16,9.55,1
4/9/2014,6.05,10.5,5.45,1
4/10/2014,6.5,6.06,-0.15,1
4/11/2014,6.8,7.25,-6.55,1
4/12/2014,-2.5,0.03,-9.25,1
4/13/2014,-1.3,-1.67,-8.4,1
4/14/2014,5.4,4.94,-1.25,1
4/15/2014,4.6,6.75,-1.5,1
4/16/2014,-2,-2.14,-2.75,1
4/17/2014,1.3,-1.86,-0.4,1
4/18/2014,-0.45,-1.25,-1,1
4/19/2014,4.6,3.75,3.95,1
4/20/2014,9.45,8.36,4.9,1
4/21/2014,8.75,8.44,8.5,1
4/22/2014,8.9,12.78,6.15,1
4/23/2014,7.5,10.36,7.4,1
4/24/2014,4.3,4.44,2.5,1
4/25/2014,3.6,4.3,3.35,1
4/26/2014,1.55,4.25,5.05,1
4/27/2014,5.7,6,3.05,1
4/28/2014,7.05,7.94,6.4,1
4/29/2014,8.25,10.06,9.35,1
4/30/2014,10.95,13.08,9.9,1
5/1/2014,14.85,16.61,10.7,1
5/2/2014,5.4,10.7,1.2,1
5/3/2014,-1.2,3.08,-1.6,1
5/4/2014,0.7,-0.64,-0.6,1
5/5/2014,1.4,3.36,1.45,1
5/6/2014,0.3,4.31,2.9,1
5/7/2014,1.95,2.92,1.5,1
5/8/2014,7.6,8,2.4,1
5/9/2014,5.5,8.61,3.3,1
5/10/2014,4.45,6.06,0.95,1
5/11/2014,4.3,6.89,6.4,1
5/12/2014,7.4,9.39,7.75,1
5/13/2014,10.2,10.97,7.3,1
5/14/2014,11.6,14.94,10.35,1
5/15/2014,10.1,14.5,7.85,1
5/16/2014,8.5,9.64,8.5,1
5/17/2014,10.65,11.8,10.5,1
5/18/2014,10.4,12.94,14.4,1
5/19/2014,11.8,10.39,12.9,1
5/20/2014,12.9,13.5,11.15,1
5/21/2014,15.2,16.03,14.7,1
5/22/2014,16.55,17.86,13.8,1
5/23/2014,18.95,19.5,19.5,1
5/24/2014,14.05,18.86,12.5,1
5/25/2014,12.6,15,10.1,1
5/26/2014,13.55,13.61,10.15,1
5/27/2014,11.2,12.06,8.75,1
5/28/2014,8.6,10.53,7.3,1
5/29/2014,10.95,8.92,7.45,1
5/30/2014,13.1,14.3,11.3,1
5/31/2014,13.6,15.75,13.25,0
6/1/2014,12.2,15.8,14.7,0
6/2/2014,12.5,15.8,15.9,0
6/3/2014,13.8,17.44,16.1,0
6/4/2014,13.95,16.39,8.65,0
6/5/2014,8,7.11,7.85,0
6/6/2014,9.5,10.3,8.75,0
6/7/2014,11.35,12.34,10.15,0
6/8/2014,12.95,14,10.55,0
6/9/2014,12.8,14,10.05,0
6/10/2014,10.65,11.94,13.5,0
6/11/2014,11.65,11.39,13.75,0
6/12/2014,13.05,15.5,15.35,0
6/13/2014,10.5,14.94,15.95,0
6/14/2014,11.9,15.47,16.9,0
6/15/2014,11.3,15.56,16.75,0
6/16/2014,10.95,14.36,15.3,0
6/17/2014,11.15,12.7,15.65,0
6/18/2014,11.2,14.64,18.1,0
6/19/2014,13.4,14.75,15.95,0
6/20/2014,15.8,18.2,15.9,0
6/21/2014,14,18.39,15.95,0
6/22/2014,14.95,16,17.85,0
6/23/2014,15.25,17.92,18.4,0
6/24/2014,17.15,20.11,20.55,0
6/25/2014,14.65,19.92,20.7,0
6/26/2014,14.65,16.61,18,0
6/27/2014,15.25,18.72,17.85,0
6/28/2014,16.1,18.97,18.65,0
6/29/2014,13.1,16.36,19.6,0
6/30/2014,16,17.92,20.4,0
7/1/2014,16.4,18.64,18.45,0
7/2/2014,18.2,21.75,19.55,0
7/3/2014,21.3,24,21.85,0
7/4/2014,19.6,21.2,20.65,0
7/5/2014,19.5,19.11,18.3,0
7/6/2014,18.6,18.97,18.9,0
7/7/2014,17.3,19.5,17.6,0
7/8/2014,18.9,21.39,18.85,0
7/9/2014,21.65,21.03,22.15,0
7/10/2014,16.7,19.64,17.6,0
7/11/2014,15.45,17.14,16.3,0
7/12/2014,19.3,18.56,13.75,0
7/13/2014,20.35,20.36,16.65,0
7/14/2014,19.65,21.86,21.3,0
7/15/2014,19.9,22.47,21.95,0
7/16/2014,22.6,22.84,20.5,0
7/17/2014,19.15,20.58,16.45,0
7/18/2014,15.65,16.3,18.45,0
7/19/2014,19.1,17.94,16.55,0
7/20/2014,15.65,16.06,14.8,0
7/21/2014,15.7,16,14.3,0
7/22/2014,16.9,18.84,17.45,0
7/23/2014,18.4,20.89,18.75,0
7/24/2014,16.6,21.5,21.1,0
7/25/2014,15.5,19.11,20.1,0
7/26/2014,16.35,15.61,19.6,0
7/27/2014,17.9,17.44,19.4,0
7/28/2014,18.95,22.06,20.15,0
7/29/2014,22.05,23.61,22.15,0
7/30/2014,23,24.06,23.85,0
7/31/2014,20.2,24.42,20.9,0
8/1/2014,19.55,19.89,16.05,0
8/2/2014,21.2,21.44,17.9,0
8/3/2014,18.75,21.39,19.85,0
8/4/2014,16.35,20.94,21.4,0
8/5/2014,17.75,20.25,20.35,0
8/6/2014,19.65,21.44,22.1,0
8/7/2014,19.45,20.64,19.5,0
8/8/2014,15.25,18.25,15.75,0
8/9/2014,14.4,15.86,15.45,0
8/10/2014,17.75,19.2,17.55,0
8/11/2014,19.65,21,18.7,0
8/12/2014,20.5,22.97,19.05,0
8/13/2014,22.55,22.28,23.4,0
8/14/2014,19.5,23.06,21.15,0
8/15/2014,18.65,23.36,20.35,0
8/16/2014,17.6,22.8,20.65,0
8/17/2014,19.45,20.5,22.15,0
8/18/2014,20.1,21.56,18.85,0
8/19/2014,17.25,20.75,18.05,0
8/20/2014,12.2,16.84,12.95,0
8/21/2014,10.75,14,8.75,0
8/22/2014,10.25,12.36,8.55,0
8/23/2014,10.6,11.44,11.4,0
8/24/2014,11.7,14.66,14.45,0
8/25/2014,13.8,15.5,15.5,0
8/26/2014,17.35,19.44,18.45,0
8/27/2014,20.25,19.8,17.65,0
8/28/2014,11.45,17.5,10.4,0
8/29/2014,13.4,14.11,10.5,0
8/30/2014,14.35,15.47,14.65,0
8/31/2014,13.3,14.2,13.3,0
9/1/2014,13.45,12.89,11.75,0
9/2/2014,11.5,13.5,10.25,0
9/3/2014,9.2,11.44,10.05,0
9/4/2014,10.5,12,9.7,0
9/5/2014,13.95,14.44,6.4,0
9/6/2014,16.2,16.7,7.3,0
9/7/2014,18,18.64,5.25,0
9/8/2014,4.85,5.86,2.9,0
9/9/2014,0.6,3.94,1.75,0
9/10/2014,0.4,4.08,2.95,0
9/11/2014,3,5.86,5.25,0
9/12/2014,4.8,7.89,7.55,0
9/13/2014,7.4,8.58,5.45,0
9/14/2014,11.55,12,8.15,0
9/15/2014,13.3,14.92,12.4,0
9/16/2014,15.7,17.11,9.55,0
9/17/2014,16.3,16.75,8.95,0
9/18/2014,16.35,16.53,12.35,0
9/19/2014,15.55,16.39,15.4,0
9/20/2014,14.05,15.78,14.7,0
9/21/2014,16.3,18.56,17.05,0
9/22/2014,19.35,17.86,18.8,0
9/23/2014,16.35,16.3,15.5,0
9/24/2014,19.5,16.36,13.8,0
9/25/2014,17.7,15,11.3,0
9/26/2014,10.6,9.2,4.9,0
9/27/2014,7.45,5.56,5.1,0
9/28/2014,8.85,8.7,6.15,0
9/29/2014,12.95,11.7,11.65,0
9/30/2014,8,9.5,8.9,0
10/1/2014,8.25,7.92,5.15,0
10/2/2014,2.55,7.16,0.85,0
10/3/2014,5.7,2.28,-0.05,0
10/4/2014,14.15,12.64,3.25,0
10/5/2014,11.6,12.61,9.95,0
10/6/2014,12.15,10.89,4.75,0
10/7/2014,8.85,8.78,5.45,0
10/8/2014,9.35,8.8,2.3,0
10/9/2014,8.75,10.5,5.55,0
10/10/2014,11.95,13,12.7,0
10/11/2014,11.85,12.25,11.35,0
10/12/2014,10.05,10.67,8.85,0
10/13/2014,10.5,8.44,6.25,0
10/14/2014,9.7,9.8,9.15,0
10/15/2014,6.15,9.75,1.85,0
10/16/2014,7.3,6.86,-0.7,0
10/17/2014,8.25,8.86,5.55,0
10/18/2014,13.95,11.56,10.35,0
10/19/2014,10.6,9.25,7.95,0
10/20/2014,13.55,11.3,10.2,0
10/21/2014,11,12.72,8.05,0
10/22/2014,8.4,8.86,7.2,0
10/23/2014,9.65,8.64,6.65,0
10/24/2014,5.8,9.64,2.45,0
10/25/2014,4.1,2.61,2.1,0
10/26/2014,3.55,2.7,0.7,0
10/27/2014,1.2,-1.16,-0.3,0
10/28/2014,1.45,-1.25,-0.25,0
10/29/2014,6.6,0.25,-0.3,1
10/30/2014,0.45,1.56,-0.6,1
10/31/2014,8.6,3.5,1.7,1
11/1/2014,-0.1,3.2,3.05,1
11/2/2014,-0.55,2.44,-1.7,1
11/3/2014,0.8,2.39,-1.45,1
11/4/2014,5.65,2.3,-1.5,1
11/5/2014,2.9,2.61,-0.3,1
11/6/2014,8.85,4.94,2.2,1
11/7/2014,3.05,1.11,-4.75,1
11/8/2014,5.8,-0.42,-14.55,1
11/9/2014,-6.75,-6,-16.75,1
11/10/2014,-13.25,-13.06,-15,1
11/11/2014,-15.15,-13.06,-16.25,1
11/12/2014,-16.65,-13.56,-16.25,1
11/13/2014,-15.6,-16.89,-15.8,1
11/14/2014,-15.6,-16.7,-15.75,1
11/15/2014,-7.9,-9.14,-10.8,1
11/16/2014,-7.35,-11.2,-12.1,1
11/17/2014,-4.1,-12.5,-13.75,1
11/18/2014,-3.3,-2.78,-9.35,1
11/19/2014,-9,-2.95,-11.35,1
11/20/2014,-0.65,-0.78,-6.35,1
11/21/2014,5.35,3.08,-6.25,1
11/22/2014,1.75,-2.5,-10.4,1
11/23/2014,-1.25,-5.5,-14.55,1
11/24/2014,-0.45,-2,-14.25,1
11/25/2014,-0.3,-7.56,-23.05,1
11/26/2014,-3.7,-8.75,-24.05,1
11/27/2014,-8.7,-14,-19.1,1
11/28/2014,-18.85,-21.89,-23.1,1
11/29/2014,-21.4,-24.53,-24.55,1
11/30/2014,-20.45,-21.56,-25.2,1
12/1/2014,-11.55,-16,-22.95,1
12/2/2014,-8.15,-10.39,-22.25,1
12/3/2014,-7.55,-7.31,-21.25,1
12/4/2014,-5.5,-8.89,-16.65,1
12/5/2014,-8.1,-9.25,-16.15,1
12/6/2014,-0.2,-7.86,-14.1,1
12/7/2014,0.65,-8.33,-10.95,1
12/8/2014,-0.85,-9.39,-11.5,1
12/9/2014,4.1,-0.86,-9.1,1
12/10/2014,4.06,4.64,-0.65,1
12/11/2014,5.75,5.75,-4.05,1
12/12/2014,6.45,-0.72,-6.7,1
12/13/2014,1.7,-3,-7.05,1
12/14/2014,-3.5,-3.53,-5.95,1
12/15/2014,-7.05,-8.36,-10.8,1
12/16/2014,-9.3,-6.75,-15.3,1
12/17/2014,-4.1,-5.53,-14.15,1
12/18/2014,-2.1,-8.53,-11.7,1
12/19/2014,-0.1,-8.25,-13.3,1
12/20/2014,0.5,-5.11,-7.6,1
12/21/2014,0.35,-3.86,-6.9,1
12/22/2014,-1,-1.5,-9.05,1
12/23/2014,-0.4,-3.75,-11.5,1
12/24/2014,-1.25,-5.75,-16.2,1
12/25/2014,-4.15,-9.83,-27.9,1
12/26/2014,-6.9,-11.2,-26.1,1
12/27/2014,-4.25,-8.86,-27.85,1
12/28/2014,-11.25,-13.5,-28.55,1
12/29/2014,-17.6,-18.03,-22.1,1
12/30/2014,-11,-11.8,-13.75,1
12/31/2014,-3.15,-3.5,-9.35,1
1/1/2015,-2.45,-3.95,-12.44,1
1/2/2015,-11.25,-14,-20.39,1
1/3/2015,-20.35,-24.25,-27.75,1
1/4/2015,-21.65,-25.75,-24.64,1
1/5/2015,-17,-22.25,-19.28,1
1/6/2015,-14.85,-18.53,-24.3,1
1/7/2015,-3.55,-13.64,-22.64,1
1/8/2015,-11.05,-17.3,-18,1
1/9/2015,-12.9,-21.36,-23.36,1
1/10/2015,-7.55,-20.94,-26.94,1
1/11/2015,-12.85,-17.25,-25.44,1
1/12/2015,-11.6,-12.06,-17.8,1
1/13/2015,-2.45,-6.94,-10.3,1
1/14/2015,3.75,-0.05,-4.66,1
1/15/2015,3.75,-4.75,-13.3,1
1/16/2015,4.1,-1.39,-6.34,1
1/17/2015,4.3,-0.75,-3.39,1
1/18/2015,1.1,-4.5,-7.7,1
1/19/2015,2.9,-0.14,-10.14,1
1/20/2015,-0.25,-2.36,-10.8,1
1/21/2015,-0.1,-1.31,-6.8,1
1/22/2015,3.65,5.44,3.3,1
1/23/2015,7.25,3,1.81,1
1/24/2015,6,3.92,-0.42,1
1/25/2015,8.9,5.75,2.3,1
1/26/2015,6.65,3.8,1.8,1
1/27/2015,7.7,0.7,-6.3,1
1/28/2015,1.3,-4,-14.56,1
1/29/2015,1.2,-4.66,-18.53,1
1/30/2015,-1.5,-9.25,-18.34,1
1/31/2015,-12,-15.28,-24.56,1
2/1/2015,-12.15,-15.89,-23.58,1
2/2/2015,-14.1,-15.64,-20.14,1
2/3/2015,-15.55,-17.39,-20.64,1
2/4/2015,-5.65,-11.28,-19.06,1
2/5/2015,-9.5,-11.3,-20.08,1
2/6/2015,-13.55,-17.44,-24.56,1
2/7/2015,-2.65,-16.36,-20.36,1
2/8/2015,-6.05,-15.06,-19.94,1
2/9/2015,-12.95,-15.8,-23.34,1
2/10/2015,-9.8,-13.3,-23.16,1
2/11/2015,-8.55,-12.56,-28.78,1
2/12/2015,1,-2.94,-13.39,1
2/13/2015,7.45,2.61,-12.06,1
2/14/2015,2.6,-2.75,-10.94,1
2/15/2015,1.45,1.86,-10.2,1
2/16/2015,-1.3,-2.7,-16.06,1
2/17/2015,-3.5,-11.16,-21.28,1
2/18/2015,2.5,-3.92,-12.75,1
2/19/2015,4.9,2.2,-5.94,1
2/20/2015,-0.85,-2.36,-8.56,1
2/21/2015,-8.85,-6.08,-19.34,1
2/22/2015,-5.2,-7.84,-11.36,1
2/23/2015,4.1,1.72,-0.11,1
2/24/2015,6,-1.11,-5.56,1
2/25/2015,-6,-13.06,-20.14,1
2/26/2015,-11.5,-14.2,-19.3,1
2/27/2015,-9.65,-11.06,-10.94,1
2/28/2015,-8.25,-8.44,-9,1
3/1/2015,-6.1,-8.7,-12,1
3/2/2015,-6.5,-10.25,-7.92,1
3/3/2015,-12.65,-14.25,-18.5,1
3/4/2015,-7.5,-11.25,-20.86,1
3/5/2015,2.4,-1.42,-7.78,1
3/6/2015,5.1,2.66,-3.44,1
3/7/2015,0.2,2,0.45,1
3/8/2015,5,4,0.11,1
3/9/2015,8.9,3.39,3.89,1
3/10/2015,5,4.25,-2.3,1
3/11/2015,8.05,1.86,-4.14,1
3/12/2015,8.45,5.84,-2.25,1
3/13/2015,10.9,6.86,5.14,1
3/14/2015,11.3,7.66,7.11,1
3/15/2015,3.6,3.66,3.66,1
3/16/2015,-1.55,0.44,-3.3,1
3/17/2015,-2.3,1.11,-4.89,1
3/18/2015,4.05,4.64,-0.89,1
3/19/2015,6.45,0.58,-2.5,1
3/20/2015,-0.7,-2.7,-10.86,1
3/21/2015,-1.4,-4.84,-10.7,1
3/22/2015,-0.55,-5.5,-4.06,1
3/23/2015,-4.05,-5.42,-1.69,1
3/24/2015,-1.2,-0.89,-2.2,1
3/25/2015,2.65,-1.16,-3.34,1
3/26/2015,8.8,5.31,0.75,1
3/27/2015,13.5,13.5,0.92,1
3/28/2015,5.65,5.65,6.06,1
3/29/2015,7.75,7.75,4.11,1
3/30/2015,8.45,11.75,6.31,1
3/31/2015,9.35,9.5,5.86,1
4/1/2015,4.05,5.2,3.16,1
4/2/2015,3.6,0.66,-0.94,1
4/3/2015,3,2.44,-3.89,1
4/4/2015,-1,2.64,-5.53,1
4/5/2015,-2,-0.19,-8.39,1
4/6/2015,-2.9,1.69,-2.75,1
4/7/2015,1.6,3.39,2.75,1
4/8/2015,3.8,5.14,2.8,1
4/9/2015,7.85,8.14,8.28,1
4/10/2015,7.45,9.58,10.36,1
4/11/2015,7.3,9.84,10,1
4/12/2015,2.25,7,7.56,1
4/13/2015,5.3,6.47,7.56,1
4/14/2015,5.9,6.31,5,1
4/15/2015,6.1,7.16,4.75,1
4/16/2015,10.35,11.3,4.92,1
4/17/2015,10.8,11.25,5.75,1
4/18/2015,6.25,7.06,5.86,1
4/19/2015,5.05,5.75,5.5,1
4/20/2015,9.55,9.44,8.92,1
4/21/2015,14.75,12.14,5.97,1
4/22/2015,13.05,15.8,5.97,1
4/23/2015,6.5,12.56,6.75,1
4/24/2015,6.9,3.89,3.94,1
4/25/2015,1.45,3.39,0,1
4/26/2015,3.9,3.55,2.56,1
4/27/2015,10,10.66,9.25,1
4/28/2015,15.55,14.64,12.7,1
4/29/2015,10.9,14.3,12.75,1
4/30/2015,7.3,8.8,9.14,1
5/1/2015,10,8.75,8.58,1
5/2/2015,6.15,8.47,6.86,1
5/3/2015,6.85,5.86,6.66,1
5/4/2015,10.75,9.75,4.39,1
5/5/2015,11.4,10.22,4.56,1
5/6/2015,5.6,4.8,3.61,1
5/7/2015,6.25,4.2,1.8,1
5/8/2015,7.95,6.2,5.44,1
5/9/2015,9.05,9.89,5.25,1
5/10/2015,9.75,9.7,7.61,1
5/11/2015,8,9.3,10.75,1
5/12/2015,5.4,10.2,11,1
5/13/2015,6.3,10.7,10.94,1
5/14/2015,6.75,11.03,12.61,1
5/15/2015,9.7,11.44,14.08,1
5/16/2015,5.25,12.16,11.86,1
5/17/2015,5.25,6.36,5.39,1
5/18/2015,8.45,10.94,10.2,1
5/19/2015,9.25,13.39,13.75,1
5/20/2015,11.2,15.34,14.58,1
5/21/2015,12.95,16.7,14.94,1
5/22/2015,13.05,16.03,16.25,1
5/23/2015,13.9,18.08,15.97,1
5/24/2015,14.1,18.25,15.8,1
5/25/2015,15.15,18.75,16,1
5/26/2015,16.15,18.42,17.3,1
5/27/2015,16.6,17.36,12.39,1
5/28/2015,11.7,16.56,6.69,1
5/29/2015,10.5,10.56,7.36,1
5/30/2015,11.45,13.89,11.8,1
5/31/2015,16.75,15.86,11.86,1
6/1/2015,15.6,15.25,11.47,1
6/2/2015,11.45,13.2,8.44,1
6/3/2015,11.2,16.89,15.75,1
6/4/2015,14,16.89,17.25,1
6/5/2015,14.15,16.86,17.86,1
6/6/2015,17.65,21.2,18.75,1
6/7/2015,19.15,20.8,19.3,1
6/8/2015,21.6,20.66,18.56,1
6/9/2015,17.6,18.64,15.56,1
6/10/2015,18,18.64,12.64,1
6/11/2015,19.4,19.5,17.56,1
6/12/2015,8.95,18.25,15.3,1
6/13/2015,9.5,13.89,14.92,1
6/14/2015,10.8,10.61,12.94,1
6/15/2015,11.55,12.5,11.86,1
6/16/2015,15.15,16.11,10.11,1
6/17/2015,10.7,16.44,9.25,1
6/18/2015,14.65,15.86,12.61,1
6/19/2015,16.25,17.2,13.11,1
6/20/2015,12.55,15.7,13.2,1
6/21/2015,13,15.22,17.25,1
6/22/2015,14,16.86,15.8,1
6/23/2015,15.8,16.97,14.75,1
6/24/2015,16.4,18.97,18.8,1
6/25/2015,20.25,21.64,18.75,1
6/26/2015,22,21.66,19.66,1
6/27/2015,22,22.89,21.86,1
6/28/2015,22.8,25.39,22.08,1
6/29/2015,20.15,25.22,20.56,1
6/30/2015,19.3,19.89,20.86,1
7/1/2015,18.4,20.61,20.75,1
7/2/2015,19.45,22,21.36,1
7/3/2015,22.05,22.16,22.11,1
7/4/2015,17.8,21.84,18.56,1
7/5/2015,13.75,17.11,16.14,1
7/6/2015,15.35,16.8,16.61,1
7/7/2015,15.2,17.2,15.3,1
7/8/2015,19.8,21.06,16.36,1
7/9/2015,23.85,25.75,16.64,1
7/10/2015,22.5,25.42,15.56,1
7/11/2015,22.1,23.89,20.64,1
7/12/2015,21.5,23.94,21.06,1
7/13/2015,18.3,24,20.25,1
7/14/2015,17,20.11,21.47,1
7/15/2015,18.6,19.84,18.7,1
7/16/2015,14.65,19.16,18.64,1
7/17/2015,13.65,17.2,17.86,1
7/18/2015,18.95,20.2,17.64,1
7/19/2015,21.05,20.56,16.89,1
7/20/2015,20.95,21.92,15.8,1
7/21/2015,20.5,20.44,15.7,1
7/22/2015,17.8,17.28,18.75,1
7/23/2015,16.55,15.42,18.25,1
7/24/2015,18.65,18.75,16.61,1
7/25/2015,18.3,18.89,17,1
7/26/2015,15.45,16,19.06,1
7/27/2015,12.4,17.5,17.25,1
7/28/2015,16.05,18.14,17.14,1
7/29/2015,17,17.5,17.25,1
7/30/2015,17.3,19.61,17,1
7/31/2015,20.55,21.56,16.58,1
8/1/2015,19.25,21.34,17.14,1
8/2/2015,21.3,20.36,16.2,1
8/3/2015,22.25,23.64,16.56,1
8/4/2015,17.9,22.8,17.61,1
8/5/2015,16.3,17.89,17.84,1
8/6/2015,13.3,16.2,17.56,1
8/7/2015,16.15,18.42,17.44,1
8/8/2015,17.3,20.44,18.11,1
8/9/2015,19.7,21.2,18.75,1
8/10/2015,19.65,21.58,21.75,1
8/11/2015,21.6,22.78,20.86,1
8/12/2015,21.75,22.14,20.7,1
8/13/2015,23.35,23.14,19.56,1
8/14/2015,18,22.8,18.5,1
8/15/2015,11.5,14.8,16.61,1
8/16/2015,12.5,13.06,15.03,1
8/17/2015,13.5,14.03,15.08,1
8/18/2015,14.55,14.5,15.22,1
8/19/2015,17.85,20.14,19.25,1
8/20/2015,15.5,19.44,17.92,1
8/21/2015,7.45,14.75,10.5,1
8/22/2015,9.7,12.06,11.2,1
8/23/2015,14.05,15.84,11.44,1
8/24/2015,17.4,15.7,17.08,1
8/25/2015,18.35,17.08,14.06,1
8/26/2015,16.3,17.5,15.5,1
8/27/2015,17.4,19.39,15.53,1
8/28/2015,19.15,20.75,15.7,1
8/29/2015,20.25,19.61,18.89,1
8/30/2015,15.35,18.5,20.7,1
8/31/2015,15.45,16.94,15.08,1
9/1/2015,14.65,16.36,12.53,1
9/2/2015,15.45,15.64,7.16,1
9/3/2015,9.15,13.2,7.53,1
9/4/2015,5.6,10.7,9.25,0
9/5/2015,3.7,9.61,7.53,0
9/6/2015,5,9.86,7,0
9/7/2015,9.95,10.64,5.86,0
9/8/2015,10.85,10.64,8.44,0
9/9/2015,13.3,12.25,10.06,0
9/10/2015,12.1,15.75,10.64,0
9/11/2015,16.8,19.11,13.89,0
9/12/2015,19.35,18.86,13.8,0
9/13/2015,10.15,18.47,8.7,0
9/14/2015,6,9.89,7.64,0
9/15/2015,8.4,8.44,5.06,0
9/16/2015,7,7.7,5.25,0
9/17/2015,8.15,9.36,6.92,0
9/18/2015,11.5,12.06,10.16,0
9/19/2015,13.8,13.92,13,0
9/20/2015,13.15,14.36,8.25,0
9/21/2015,5.3,8,8.25,0
9/22/2015,8,7,3.86,0
9/23/2015,10.9,9.84,7.56,0
9/24/2015,12.9,12.94,11.36,0
9/25/2015,14,12.75,12.94,0
9/26/2015,10.25,11.25,9.39,0
9/27/2015,9.45,9.08,9.2,0
9/28/2015,8.05,8.5,2.92,0
9/29/2015,10.6,10.92,11.25,0
9/30/2015,12.65,13.56,13.25,0
10/1/2015,12.65,16,16.3,0
10/2/2015,11.35,16,15.92,0
10/3/2015,1.75,5.19,3.5,0
10/4/2015,2.6,3.75,-1.39,0
10/5/2015,6.6,4.84,2.5,0
10/6/2015,8.65,7.19,1.94,0
10/7/2015,12.7,12.58,6.11,0
10/8/2015,11.6,13.66,7.09,0
10/9/2015,16.4,13.94,7,0
10/10/2015,16.4,17.44,15.14,0
10/11/2015,11.95,16.75,12.2,0
10/12/2015,10,8.61,5.36,0
10/13/2015,9.5,9.08,9.58,0
10/14/2015,7.65,9.11,9.5,0
10/15/2015,6.2,6.28,4.36,0
10/16/2015,7.2,8.89,7.06,0
10/17/2015,9.7,10.8,11.56,0
10/18/2015,11.8,11,11.34,0
10/19/2015,10.95,10.64,8.7,0
10/20/2015,9.2,10.44,5.3,0
10/21/2015,10.7,10.44,3.72,0
10/22/2015,8.9,10.58,8.06,0
10/23/2015,4.85,6.94,6.7,0
10/24/2015,1.7,6.2,5.56,0
10/25/2015,2.1,3.78,1.3,0
10/26/2015,4.95,3.5,3.11,0
10/27/2015,1.55,3.5,3.78,0
10/28/2015,1.05,1.16,-0.42,0
10/29/2015,6.85,6.25,1.5,0
10/30/2015,6.7,6.44,1.56,0
10/31/2015,3.05,4.34,2.2,0
11/1/2015,2.9,4.81,1.25,0
11/2/2015,0.2,1.3,0.17,0
11/3/2015,-2.9,1.39,0.7,0
11/4/2015,-0.45,0.14,-0.91,0
11/5/2015,-0.4,0.16,-0.81,0
11/6/2015,1.8,2,-1.97,0
11/7/2015,7.5,6.42,3.08,0
11/8/2015,2.45,3.89,-0.8,0
11/9/2015,-1.4,1.25,-3.5,0
11/10/2015,-3.45,-1,0.36,0
11/11/2015,2.1,1.69,0.84,0
11/12/2015,1,1.14,-1.16,0
11/13/2015,3.85,1.36,3.03,0
11/14/2015,0.35,1.86,1.34,0
11/15/2015,6,1.31,-2,0
11/16/2015,-0.15,0.25,-1.25,0
11/17/2015,1.9,0.2,-3.64,0
11/18/2015,-5.75,-3.05,-3.69,0
11/19/2015,-6.5,-4.94,-15.64,0
11/20/2015,-5.2,-6.75,-17.14,0
11/21/2015,2.7,-0.89,-6.3,0
11/22/2015,1.7,2.7,1.06,0
11/23/2015,-4.1,1.64,-1.75,0
11/24/2015,-9,-7.25,-8.56,0
11/25/2015,-10,-12.39,-14.64,0
11/26/2015,-7.1,-9.25,-10.25,0
11/27/2015,-0.5,-2.3,-2.94,0
11/28/2015,-2.25,-2.3,-5.61,0
11/29/2015,-1.6,-4.11,-3.66,0
11/30/2015,-1.75,-4.92,-4.86,0
12/1/2015,-0.55,-5,-4.61,0
12/2/2015,0.95,1.06,-4.06,0
12/3/2015,1.35,0.69,-2.44,0
12/4/2015,2.45,0.05,-2.75,0
12/5/2015,0.3,0,-5.75,0
12/6/2015,1.4,-2.25,-8.33,0
12/7/2015,3.05,1,-6.06,0
12/8/2015,3.85,0.61,-5.92,0
12/9/2015,4,-1.33,-5.3,0
12/10/2015,-2.5,-3.25,-4.75,0
12/11/2015,-2.65,-2.42,-3.55,0
12/12/2015,-5,-3.92,-4.36,0
12/13/2015,-5,-4.2,-5.11,0
12/14/2015,-7.65,-6,-6.06,0
12/15/2015,-4.05,-7.56,-7.94,0
12/16/2015,-7.5,-7.25,-11.06,0
12/17/2015,-13.25,-9.89,-12.25,0
12/18/2015,-14.2,-10.78,-15.84,0
12/19/2015,-9.75,-13.2,-20.16,0
12/20/2015,-7.25,-12.84,-14.94,0
12/21/2015,-6.3,-11.5,-14.08,0
12/22/2015,-9.6,-11.86,-14.06,0
12/23/2015,-12.95,-11.44,-14.75,0
12/24/2015,-13.5,-12.56,-18.86,0
12/25/2015,-18,-15,-16.75,0
12/26/2015,-14.5,-16.11,-19.64,0
12/27/2015,-9,-15.3,-16.75,0
12/28/2015,-8,-12.61,-15.86,0
12/29/2015,-13.1,-13.06,-13.06,0
12/30/2015,-10,-11.7,-9.39,0
12/31/2015,-4,-6.69,-6.44,0
1/1/2016,-6.25,-5.05,-4,0
1/2/2016,-8.15,-6.9,-7.1,0
1/3/2016,-9.2,-8.45,-13.35,0
1/4/2016,-7.4,-13.5,-14.05,0
1/5/2016,-11.3,-11.9,-15.2,0
1/6/2016,-13.25,-11.8,-19.1,0
1/7/2016,-13.3,-10.35,-16.2,0
1/8/2016,-18.25,-14.5,-21.35,0
1/9/2016,-18.25,-19.35,-24.4,0
1/10/2016,-9,-11.35,-19.05,0
1/11/2016,-5.75,-6.95,-19.8,0
1/12/2016,-2.7,-3.6,-18.8,0
1/13/2016,1.25,-3.4,-13.05,0
1/14/2016,-1.55,-7.5,-16.25,0
1/15/2016,-8.5,-15.3,-24.8,0
1/16/2016,-15.6,-21.1,-29.85,0
1/17/2016,-15.5,-19.85,-26.6,0
1/18/2016,-3.7,-10.75,-16.55,0
1/19/2016,-3.1,-13.95,-14.45,0
1/20/2016,-9.15,-12.7,-14.25,0
1/21/2016,-5.85,-10.65,-12.4,0
1/22/2016,1.65,-9.75,-11.2,0
1/23/2016,-0.9,-5.35,-10.7,0
1/24/2016,-6.25,-4,-8.5,0
1/25/2016,-6.8,-7.2,-9.85,0
1/26/2016,0.9,-1.4,-5.45,0
1/27/2016,4.95,3.1,-0.7,0
1/28/2016,5.4,4.05,0,0
1/29/2016,1.2,0.2,1.3,0
1/30/2016,-0.2,-3.6,-4.85,0
1/31/2016,-1.45,-4.65,-12.25,0
2/1/2016,-3.6,-6.75,-15.7,0
2/2/2016,-5.7,-4.15,-14.65,0
2/3/2016,-6.8,-6.35,-14.5,0
2/4/2016,-0.15,-7.35,-13.95,0
2/5/2016,4.8,-1.05,-8.05,0
2/6/2016,2.5,3.75,-4.9,0
2/7/2016,0,-0.4,-12.35,0
2/8/2016,3.3,1.4,-6.7,0
2/9/2016,6.9,5.55,-4.8,0
2/10/2016,1.25,0.05,-11.95,0
2/11/2016,1.5,-5.65,-16.5,0
2/12/2016,-1.55,-6.9,-15.8,0
2/13/2016,1.2,-0.35,-6.9,0
2/14/2016,3.6,0.75,-6.15,0
2/15/2016,3,1.65,-8,0
2/16/2016,2.45,2.25,-5.6,0
2/17/2016,0.65,-0.25,-9.3,0
2/18/2016,3.25,0.2,-7.3,0
2/19/2016,3,-4.7,-11.85,0
2/20/2016,-2.55,-7.55,-19.5,0
2/21/2016,-0.1,0.7,-7.5,0
2/22/2016,-0.4,0.1,-6.7,0
2/23/2016,-0.9,0.25,-4.8,0
2/24/2016,-3.55,-3.75,-4.8,0
2/25/2016,2.7,1.45,1.55,0
2/26/2016,7.55,5.75,1.25,0
2/27/2016,4.6,3.1,-7.65,0
2/28/2016,0.45,-5.7,-21.05,0
2/29/2016,-4.65,-10.25,-20.05,0
3/1/2016,-0.55,-1.5,-9.05,0
3/2/2016,-1.25,0.5,-5.85,0
3/3/2016,4,0.85,-6.95,0
3/4/2016,3.8,1.6,-7.35,0
3/5/2016,6.55,5.8,-4.75,0
3/6/2016,3.95,-0.95,-6.4,0
3/7/2016,3.9,-0.3,-4.3,0
3/8/2016,2.55,0.75,-4.05,0
3/9/2016,0.95,2.9,-1.6,0
3/10/2016,6.5,5.95,-4.85,0
3/11/2016,5.3,7.3,-0.6,0
3/12/2016,6.9,6.45,1.65,0
3/13/2016,4.05,4.35,1.65,0
3/14/2016,0.55,-0.25,-2.55,0
3/15/2016,-0.05,0.9,-4.4,0
3/16/2016,2.45,0.45,-6.55,0
3/17/2016,-1.55,-3.25,-7.9,0
3/18/2016,-3.05,-1.2,-4,0
3/19/2016,1.6,3.15,-3.95,0
3/20/2016,4.55,2.5,-0.85,0
3/21/2016,0.9,-1.95,-4,0
3/22/2016,-1.1,-3.25,-5.95,0
3/23/2016,1.85,1.3,-5.75,0
3/24/2016,3.55,0.2,-11.05,0
3/25/2016,2.4,3.7,-7.55,0
3/26/2016,3.05,5.3,-1.95,0
3/27/2016,2.4,6.75,0.35,0
3/28/2016,5.65,6.95,2.95,0
3/29/2016,5,7,3.6,0
3/30/2016,9.1,8.25,4.35,0
3/31/2016,5.95,4.8,-1.75,0
4/1/2016,11.85,9.75,-0.6,0
4/2/2016,11.75,12.7,0.65,0
4/3/2016,8.85,8,-5.15,0
4/4/2016,7.25,7,-1.45,0
4/5/2016,7.85,6.85,2.55,0
4/6/2016,9.35,8.35,-0.65,0
4/7/2016,6.65,6.95,-2.6,0
4/8/2016,11.35,10.55,-0.85,0
4/9/2016,10.3,5.6,-0.8,0
4/10/2016,1.95,0.8,-4.35,0
4/11/2016,6.4,6.7,2.95,0
4/12/2016,8.85,11.7,4.85,0
4/13/2016,10.55,9.95,3.3,0
4/14/2016,4.15,6.05,-0.45,0
4/15/2016,6.8,6.2,1.7,0
4/16/2016,8.25,11.4,10.05,0
4/17/2016,10.3,14.15,11.8,0
4/18/2016,12.25,17.75,14.05,0
4/19/2016,15.25,16.55,15.7,0
4/20/2016,12.35,9.3,2.75,0
4/21/2016,11.95,7.65,2.25,0
4/22/2016,8.7,6.95,2.1,0
4/23/2016,4.5,3.6,5.65,0
4/24/2016,3.85,2.45,7.6,0
4/25/2016,3.3,3.4,4.9,0
4/26/2016,6.1,8.55,4.95,0
4/27/2016,6.45,9.9,7.35,0
4/28/2016,6.55,10,9.4,0
4/29/2016,6.7,13.4,15.7,0
4/30/2016,9.15,11.65,12.9,0
5/1/2016,10.35,14.5,12.9,0
5/2/2016,14.2,18.65,15.7,0
5/3/2016,16.1,21.4,22.1,1
5/4/2016,16.9,20.05,19.6,1
5/5/2016,15.55,14.05,15.15,1
5/6/2016,11,12.65,11.15,1
5/7/2016,15.45,19.1,16.7,1
5/8/2016,12.5,13.6,12.6,1
5/9/2016,6.55,7.65,6.4,1
5/10/2016,6.25,8.55,6.9,1
5/11/2016,7.15,8.6,4.2,1
5/12/2016,4.45,6.6,6,1
5/13/2016,4.4,7.9,7.8,1
5/14/2016,6.15,11.1,10.35,1
5/15/2016,8.6,13.6,12.65,1
5/16/2016,11.35,18.25,16.2,1
5/17/2016,16.3,17.65,17.1,1
5/18/2016,15.55,18.1,16,1
5/19/2016,8.95,14.35,10,1
5/20/2016,5.15,4.75,10.85,1
5/21/2016,4.4,4.9,10.15,1
5/22/2016,2.85,6.3,10.65,1
5/23/2016,6.35,8.5,11.3,1
5/24/2016,9.95,13.15,11.65,1
5/25/2016,12.25,16,14.15,1
5/26/2016,12.5,16.6,13.2,1
5/27/2016,9.25,14.2,15.15,1
5/28/2016,8.6,12.5,14.35,1
5/29/2016,12.7,13.1,13.15,1
5/30/2016,10.15,9.6,13.85,1
5/31/2016,10.45,12.55,13.65,1
6/1/2016,13.25,17,13.3,1
6/2/2016,15.4,17.15,14,1
6/3/2016,15.5,17.1,17,1
6/4/2016,17.7,18.75,17.5,1
6/5/2016,18.2,18.4,15.1,1
6/6/2016,21.25,22.4,21.1,1
6/7/2016,22.25,21.95,21.75,1
6/8/2016,20.55,19.75,16.35,1
6/9/2016,18.2,14.55,12.75,1
6/10/2016,13,14.9,14.95,1
6/11/2016,14.1,12.25,13.45,1
6/12/2016,12.9,14.65,13.8,1
6/13/2016,15.05,15.15,17.05,1
6/14/2016,13.25,14.55,16.55,1
6/15/2016,10.1,13.9,13.75,1
6/16/2016,11,11.65,13.6,1
6/17/2016,12.9,13.75,14.7,1
6/18/2016,11.15,16.1,14.4,1
6/19/2016,15.45,17.5,14.55,1
6/20/2016,15.7,17.5,14.25,1
6/21/2016,15.3,19.25,17.5,1
6/22/2016,16.15,18.45,18.55,1
6/23/2016,16.55,18.8,18.95,1
6/24/2016,13.3,16,17.25,1
6/25/2016,15.45,18.1,17.8,1
6/26/2016,16.2,19.45,18.45,1
6/27/2016,16.95,19.9,18.7,1
6/28/2016,17.55,21.65,21.2,1
6/29/2016,17.45,20.75,19.65,1
6/30/2016,17.75,19.65,21.6,1
7/1/2016,16.95,18.25,21.5,1
7/2/2016,17.45,19.5,19.1,1
7/3/2016,17.55,19.2,19.35,1
7/4/2016,14.15,16.6,16.3,1
7/5/2016,11.9,17.05,17.15,1
7/6/2016,14.9,18.1,15.45,1
7/7/2016,16.2,18.15,14,1
7/8/2016,18.55,18.65,17.1,1
7/9/2016,15.75,17.1,19.75,1
7/10/2016,15.05,16.65,19.25,1
7/11/2016,15.4,18.4,19.5,1
7/12/2016,16.35,19.75,19.95,1
7/13/2016,15.55,19.65,19.15,1
7/14/2016,15.3,18.25,15.55,1
7/15/2016,11.55,16.5,18.55,1
7/16/2016,13.45,18.75,18.75,1
7/17/2016,14.55,17.05,16.85,1
7/18/2016,15.05,19.95,17.35,1
7/19/2016,18.6,20.85,22.25,1
7/20/2016,18.05,19.3,17.9,1
7/21/2016,17.9,20.7,15.95,1
7/22/2016,16.2,20.7,15.35,1
7/23/2016,17.25,19.65,17.75,1
7/24/2016,17.3,20.6,18.5,1
7/25/2016,18.05,20.2,16.9,1
7/26/2016,18.4,20.75,20.05,1
7/27/2016,19.9,21.9,20.5,1
7/28/2016,19.05,21.3,21.75,1
7/29/2016,19.05,20.9,21,1
7/30/2016,18.05,19.1,20,1
7/31/2016,13.3,15.6,16.4,1
8/1/2016,14.8,17.65,18.15,1
8/2/2016,16.3,18.5,18.6,1
8/3/2016,14.35,17.95,17.3,1
8/4/2016,16.75,18.85,19,1
8/5/2016,18.05,19,19.45,1
8/6/2016,14.35,20.2,18.55,1
8/7/2016,17.8,20.3,18.2,1
8/8/2016,16.8,18.2,19.45,1
8/9/2016,16.6,18.35,18.75,1
8/10/2016,15.1,18.15,19.1,1
8/11/2016,16.7,19.75,20.5,1
8/12/2016,16.7,19.1,18.3,1
8/13/2016,16.95,20.55,18.35,1
8/14/2016,17.35,20.55,19.05,1
8/15/2016,17.65,21.05,19.85,1
8/16/2016,19.45,21.2,20.4,1
8/17/2016,16.95,19,15.85,1
8/18/2016,13.85,16.3,15,1
8/19/2016,13.75,15.25,13.1,1
8/20/2016,16.7,18.55,14.6,1
8/21/2016,19.45,17.85,15.65,1
8/22/2016,12.25,14.25,15.5,1
8/23/2016,12.65,13.55,17.4,1
8/24/2016,12.6,15.7,15.8,1
8/25/2016,13.15,15.8,14.05,1
8/26/2016,13.3,15.25,14.15,1
8/27/2016,17.1,15.1,13.3,1
8/28/2016,10.5,11.25,10.9,1
8/29/2016,15.45,12.5,9.9,1
8/30/2016,17.5,17.45,11.75,1
8/31/2016,19.05,19.15,13.25,1
9/1/2016,18.15,17.95,13.55,1
9/2/2016,10.2,11.5,13.1,1
9/3/2016,10.7,11.15,9.85,1
9/4/2016,7.85,7.9,9.25,1
9/5/2016,9.55,12.15,9.1,1
9/6/2016,9.1,12.2,11.45,1
9/7/2016,10.8,12.2,11.8,1
9/8/2016,11.25,11.3,11.65,1
9/9/2016,11.4,13.6,10.95,1
9/10/2016,15.3,15.85,12.75,1
9/11/2016,6.45,8.45,7.9,1
9/12/2016,6.6,8.7,8.35,1
9/13/2016,9.3,12.85,14.85,1
9/14/2016,13.9,16.05,14.95,1
9/15/2016,14.05,16.8,11.8,1
9/16/2016,14.2,17,15.5,1
9/17/2016,15.35,15.6,13.75,1
9/18/2016,10.65,12.55,12.45,1
9/19/2016,9.1,11.05,10.05,1
9/20/2016,5.45,9.25,9.4,1
9/21/2016,7.75,9.65,8.75,1
9/22/2016,6.55,10.45,11,1
9/23/2016,11.5,10.45,9.35,1
9/24/2016,10.2,11.45,11.3,1
9/25/2016,9.55,10.05,9.8,1
9/26/2016,15.6,15.8,13.6,1
9/27/2016,13.6,10.25,10.65,1
9/28/2016,9.65,9.05,8.45,1
9/29/2016,9.1,9.95,7.35,1
9/30/2016,10.45,10.05,6.15,1
10/1/2016,8.05,7.75,6.25,1
10/2/2016,6.95,7.8,3.95,1
10/3/2016,6.1,7.65,4.2,1
10/4/2016,5.65,6.6,4.1,1
10/5/2016,1.3,3.2,0.5,1
10/6/2016,0.85,-0.4,-1.45,1
10/7/2016,-1.35,-1.9,0.9,1
10/8/2016,-0.15,-0.15,-0.15,1
10/9/2016,0.75,0.3,0.2,1
10/10/2016,-1.95,-0.7,-0.9,1
10/11/2016,-0.9,1,-1.35,1
10/12/2016,2.05,0.3,-1.65,1
10/13/2016,2.9,-0.75,-4.55,1
10/14/2016,1.75,-1.1,-2.5,1
10/15/2016,1.2,-0.4,-2.05,1
10/16/2016,6.65,-0.55,-1.5,1
10/17/2016,-0.8,0.5,-0.8,1
10/18/2016,0.85,0.9,-1,1
10/19/2016,5.75,5,-0.1,1
10/20/2016,5.55,7.05,1.6,1
10/21/2016,4.85,6.8,2.45,1
10/22/2016,5,4.5,0.4,1
10/23/2016,2.75,4.25,1.45,1
10/24/2016,1.35,2.4,2,1
10/25/2016,4.8,3.05,1.8,1
10/26/2016,2.15,4.5,1.75,1
10/27/2016,6.65,2.25,1.2,1
10/28/2016,2,2.4,1.05,1
10/29/2016,2.3,4,2.25,1
10/30/2016,5.55,2.85,1.35,1
10/31/2016,2,2.1,-0.35,1
11/1/2016,3.55,-0.5,-5.2,1
11/2/2016,5.15,1.65,-5.5,1
11/3/2016,9.4,9.5,2.05,1
11/4/2016,7.6,11.45,7.1,1
11/5/2016,8.9,9.4,4.6,1
11/6/2016,5.3,5.25,4,1
11/7/2016,4,4.6,5.35,1
11/8/2016,13.95,11.2,4.95,1
11/9/2016,11.65,9.7,5.55,1
11/10/2016,4.5,5.25,3.8,1
11/11/2016,5.45,7.45,5.1,1
11/12/2016,8.6,7.1,3.85,1
11/13/2016,7.45,6.85,2.55,1
11/14/2016,4.1,4.3,4.25,1
11/15/2016,-1.25,0,0.65,1
11/16/2016,-2.15,0.7,-3.8,1
11/17/2016,-4.3,-3.8,-7.25,1
11/18/2016,-3.65,-4.05,-11.75,1
11/19/2016,-2.9,-3.4,-9.35,1
11/20/2016,-0.65,-3.65,-7.1,1
11/21/2016,3.45,-3.6,-3.2,1
11/22/2016,-3.8,-2.55,-4.7,1
11/23/2016,-4.25,-4,-2.45,1
11/24/2016,0.95,-2.1,-1.25,1
11/25/2016,1.75,0.8,-0.4,1
11/26/2016,0.25,-2.45,-7.3,1
11/27/2016,-0.35,-2.35,-7.25,1
11/28/2016,-0.85,-2.2,-3.9,1
11/29/2016,-2.7,-7.15,-4.8,1
11/30/2016,-8.5,-7.15,-6.05,1
12/1/2016,-2.6,-5.15,-4.45,1
12/2/2016,-3.4,-5.7,-4.85,1
12/3/2016,-1.25,-1.1,-3.6,1
12/4/2016,-6.85,-8.1,-6.15,1
12/5/2016,-14.9,-16.85,-14.9,1
12/6/2016,-19.9,-18.7,-18.4,1
12/7/2016,-21.95,-20,-25.4,1
12/8/2016,-22.35,-21.25,-29.75,1
12/9/2016,-22.3,-20.7,-32.9,1
12/10/2016,-21.25,-21.5,-29.85,1
12/11/2016,-19.9,-20.15,-23.3,1
12/12/2016,-15,-14,-19.4,1
12/13/2016,-15.05,-14.75,-20.8,1
12/14/2016,-14.75,-13.9,-22.2,1
12/15/2016,-18.05,-19.1,-24.7,1
12/16/2016,-21.5,-21.25,-31.25,1
12/17/2016,-15.45,-19.35,-34.15,1
12/18/2016,-4.1,-3.9,-24.35,1
12/19/2016,-0.8,1,-17.05,1
12/20/2016,-0.35,-4.55,-10.25,1
12/21/2016,-1.35,-0.9,-4.3,1
12/22/2016,1.8,-1.55,-6.1,1
12/23/2016,-5.6,-5.1,-19.1,1
12/24/2016,-11.65,-11.35,-22.25,1
12/25/2016,-19.5,-18.65,-20.55,1
12/26/2016,-13.6,-17.3,-18.65,1
12/27/2016,-3.6,-5.5,-8.05,1
12/28/2016,-3.95,-2.75,-9.55,1
12/29/2016,-6.85,-7.6,-14.75,1
12/30/2016,-5.9,-5.1,-12,1
12/31/2016,-8.85,-5.56,-13.9,1
1/1/2017,-13.3,-12.95,-18.5,1
1/2/2017,-20.55,-18.05,-21.3,1
1/3/2017,-19.85,-17.15,-19.4,1
1/4/2017,-13.35,-10.85,-12.25,1
1/5/2017,-10.5,-10.7,-14.35,1
1/6/2017,-14,-14.6,-23.95,1
1/7/2017,-17.55,-17.75,-25.85,1
1/8/2017,-18.8,-19.45,-28.65,1
1/9/2017,-21.9,-18.5,-24,1
1/10/2017,-20.95,-21.35,-31.5,1
1/11/2017,-15.95,-15.2,-23.2,1
1/12/2017,-11.85,-19.44,-31,1
1/13/2017,-8.95,-11.25,-17.5,1
1/14/2017,-4.65,-6.4,-7.6,1
1/15/2017,1.5,1.55,0.7,1
1/16/2017,0.3,-1.19,3.05,1
1/17/2017,5.6,3.3,2,1
1/18/2017,2.05,3.55,-1.45,1
1/19/2017,3.2,1.35,-5.95,1
1/20/2017,-0.75,-0.55,-4.65,1
1/21/2017,-5.05,-6.75,-8.7,1
1/22/2017,-5,-7.55,-16.15,1
1/23/2017,-5.65,-9.15,-18.2,1
1/24/2017,-6,-6.9,-15.6,1
1/25/2017,-3.6,-8,-13.55,1
1/26/2017,-2.45,-3.4,-4.65,1
1/27/2017,-1.2,0.95,-2.9,1
1/28/2017,7.4,3.1,-0.35,1
1/29/2017,8.45,1.6,1.65,1
1/30/2017,-0.1,-0.65,-7.4,1
1/31/2017,-8.85,-8.45,-14.95,1
2/1/2017,-10.1,-10,-15.7,1
2/2/2017,-11.15,-12.75,-15.9,1
2/3/2017,-15,-12.35,-15.15,1
2/4/2017,-16.2,-15.65,-22.1,1
2/5/2017,-18,-19.85,-26.45,1
2/6/2017,-23.25,-22.4,-27.56,1
2/7/2017,-25.5,-22.35,-24.85,1
2/8/2017,-22.35,-16.65,-16.9,1
2/9/2017,-12.1,-14.78,-17.95,1
2/10/2017,-6.6,-12.1,-16.7,1
2/11/2017,-2.25,-3.72,-5.4,1
2/12/2017,0.55,1.2,2.25,1
2/13/2017,3.75,5,1.55,1
2/14/2017,2.9,4.42,3.3,1
2/15/2017,6.5,8.36,3.3,1
2/16/2017,6.2,7.15,6.35,1
2/17/2017,4.8,3.65,1.05,1
2/18/2017,-1.85,0.75,-2.05,1
2/19/2017,-1.6,1.25,-2.36,1
2/20/2017,-3.95,-0.25,-2,1
2/21/2017,-1.4,1.11,-5.75,1
2/22/2017,-4.2,-3.36,-12.4,1
2/23/2017,-5.35,-2.8,-12.5,1
2/24/2017,-8.75,-7.05,-16.85,1
2/25/2017,-7.6,-8.3,-15.11,1
2/26/2017,-10,-10.7,-17.55,1
2/27/2017,-12.45,-10.15,-18.5,1
2/28/2017,-10.35,-10.2,-20.25,1
3/1/2017,-6.35,-10.08,-22.6,1
3/2/2017,-5.15,-7.3,-19.14,1
3/3/2017,1.65,1.1,-5.31,1
3/4/2017,-8,-8.75,-10.03,1
3/5/2017,-11.8,-13.7,-16.61,1
3/6/2017,-13.4,-13.7,-16.36,1
3/7/2017,-13.55,-15.2,-19.39,1
3/8/2017,-17.25,-16.84,-24,1
3/9/2017,-20.25,-18.39,-26.11,1
3/10/2017,-18.95,-18.34,-23.11,1
3/11/2017,-18.75,-16.86,-17.06,1
3/12/2017,-16.1,-14,-15.4,1
3/13/2017,-4.05,-10.39,-7.85,1
3/14/2017,3.45,-3.08,-0.8,1
3/15/2017,6.15,0.72,3.7,1
3/16/2017,3.45,1.1,1.44,1
3/17/2017,0.35,-0.64,-0.33,1
3/18/2017,5.95,4.6,-1.34,1
3/19/2017,-0.45,3.47,-5.75,1
3/20/2017,-2.65,-2,-13.15,1
3/21/2017,0.65,-2.47,-7.84,1
3/22/2017,6.05,0.58,-2.65,1
3/23/2017,3.95,0.36,-2.8,1
3/24/2017,5.2,0.6,0.15,1
3/25/2017,5.7,4.61,0.25,1
3/26/2017,2.65,4.06,1.44,1
3/27/2017,5.7,4.08,3.3,1
3/28/2017,4.8,4.25,5.36,1
3/29/2017,4.45,5.25,4.19,1
3/30/2017,4.05,5.3,3.85,1
3/31/2017,6.05,5.58,5.85,1
4/1/2017,7.5,5.3,5.85,1
4/2/2017,-0.1,5.6,7.11,1
4/3/2017,1.05,5.55,5.35,1
4/4/2017,1.9,5.25,4,1
4/5/2017,6.05,6.44,5.11,1
4/6/2017,11.7,10.06,10,1
4/7/2017,3.6,9.3,9.5,1
4/8/2017,7.35,6.2,0.35,1
4/9/2017,4.95,2.8,1,1
4/10/2017,4.05,2.3,3.15,1
4/11/2017,4.6,4.3,3.1,1
4/12/2017,3,4.25,0.3,1
4/13/2017,2.1,3.45,2.35,1
4/14/2017,4.75,0.39,2.35,1
4/15/2017,-0.25,-1.2,-0.8,1
4/16/2017,1.9,-1,-0.35,1
4/17/2017,4.5,2.75,-0.7,1
4/18/2017,7.15,2.15,-2.85,1
4/19/2017,7.7,4.6,-1,1
4/20/2017,7.75,8.14,2.75,1
4/21/2017,7.25,7,0.25,1
4/22/2017,4.9,3.8,-3.55,1
4/23/2017,5.75,1.1,-2.9,1
4/24/2017,2.2,0.3,-2.65,1
4/25/2017,-0.8,1.19,0.85,1
4/26/2017,-0.4,1,3,1
4/27/2017,4.45,2.89,7.1,1
4/28/2017,4.25,4.5,6.2,1
4/29/2017,7,7.44,5.9,1
4/30/2017,8.5,7.7,7,1
5/1/2017,5.9,8.44,8.3,1
5/2/2017,6.85,9,7.05,1
5/3/2017,10.2,11.39,10.35,1
5/4/2017,16.05,16.2,13.75,1
5/5/2017,15.5,20.56,14.95,1
5/6/2017,16.45,16.45,14.8,1
5/7/2017,7.15,15.75,10.9,1
5/8/2017,9.7,11.66,9.55,1
5/9/2017,11.85,14,10.58,1
5/10/2017,12.45,15.84,10.5,1
5/11/2017,13.35,15.25,12.75,1
5/12/2017,14.1,15.4,12.5,1
5/13/2017,10.35,13.8,5.85,1
5/14/2017,8.1,6.25,2.8,1
5/15/2017,7.35,8.94,5.65,1
5/16/2017,6.2,8,6.15,1
5/17/2017,5.3,7.6,8.55,1
5/18/2017,9.1,11.7,8.75,1
5/19/2017,10.3,12.3,12.65,1
5/20/2017,11.65,14.25,13.75,1
5/21/2017,13.45,16.36,11.8,1
5/22/2017,17.15,19.44,14.4,1
5/23/2017,19.55,21.89,20.85,1
5/24/2017,10.15,14.85,19.3,1
5/25/2017,9.3,14.45,14.7,1
5/26/2017,10.85,15.14,11.05,1
5/27/2017,17.35,16.92,13.45,1
5/28/2017,14.65,17.15,13.45,1
5/29/2017,14.7,15,11.45,1
5/30/2017,16.4,18.89,16.2,1
5/31/2017,18.8,22.5,21.85,1
6/1/2017,17.3,22.55,21.6,1
6/2/2017,16.9,18.8,17.6,1
6/3/2017,16.05,15.89,17.6,1
6/4/2017,16.5,16.1,16.45,1
6/5/2017,14.15,16.9,16.85,1
6/6/2017,14.45,16.61,15.3,1
6/7/2017,16.85,21.66,19.35,1
6/8/2017,18.55,21.9,21.55,1
6/9/2017,13.6,13.8,18.65,1
6/10/2017,7.85,13.5,11.95,1
6/11/2017,12.95,11.85,10.85,1
6/12/2017,14.7,17.3,13.25,1
6/13/2017,12.55,16.6,16.4,1
6/14/2017,13.25,14.7,14.1,1
6/15/2017,11.95,15.05,14.9,1
6/16/2017,15.5,16.1,15.14,1
6/17/2017,14.35,15.7,16.8,1
6/18/2017,14.95,16.3,14.7,1
6/19/2017,13.8,15.16,15.7,1
6/20/2017,18.9,17.5,15.15,1
6/21/2017,13.15,14.6,11.55,1
6/22/2017,11.75,12.55,10.35,1
6/23/2017,13.8,14.25,12.15,1
6/24/2017,14.8,16.25,14.11,1
6/25/2017,17,19.05,14.75,1
6/26/2017,21.65,21.55,20.3,1
6/27/2017,16.45,14.5,16,1
6/28/2017,13.2,14.3,13.5,1
6/29/2017,15.95,15.45,16.05,1
6/30/2017,19.15,21,17.15,1
7/1/2017,19.5,19.64,18.42,1
7/2/2017,20,19.94,21.75,1
7/3/2017,18.5,19.06,20.2,1
