Date,Open,High,Low,Close,Volume
5/21/2013,82.650002,83.330002,82.120003,82.900002,2674600
5/22/2013,82.970001,84.220001,82.199997,82.519997,3092700
5/23/2013,81.760002,82.75,81.099998,82.519997,2760000
5/24/2013,82.040001,82.389999,80.779999,82.220001,2207000
5/28/2013,83.269997,83.440002,82.760002,83.089996,2105300
5/29/2013,82.519997,83.370003,82.349998,82.949997,2457800
5/30/2013,83.019997,83.400002,82.779999,82.839996,2195600
5/31/2013,82.25,83.5,82,82.110001,3134700
6/3/2013,82.480003,82.610001,81.599998,82.099998,2018900
6/4/2013,82,82.290001,80.940002,81.25,3340300
6/5/2013,81.25,81.25,79.370003,79.580002,2433400
6/6/2013,79.739998,80.050003,78.769997,79.550003,2721400
6/7/2013,80.839996,80.949997,80.059998,80.900002,2916700
6/10/2013,81.279999,81.589996,80.599998,81.550003,2127600
6/11/2013,80.639999,81.599998,80.360001,80.410004,1971000
6/12/2013,80.839996,81,79.650002,79.709999,1462600
6/13/2013,79.889999,81.379997,79.440002,81.080002,2150500
6/14/2013,80.910004,81.650002,80.32,80.550003,1367400
6/17/2013,81.279999,82.949997,81.110001,82.449997,2473400
6/18/2013,82.639999,83.300003,82.139999,82.93,1862600
6/19/2013,82.870003,83.029999,81.82,81.830002,1876400
6/20/2013,81.110001,81.510002,79.370003,79.519997,2885900
6/21/2013,79.690002,79.919998,78.779999,79.400002,4554900
6/24/2013,79.059998,79.870003,78.849998,79.160004,2516500
6/25/2013,80.050003,80.169998,79.25,79.660004,2898100
6/26/2013,80.480003,80.480003,79.43,79.559998,3065500
6/27/2013,80.220001,80.919998,79.839996,80.220001,4106900
6/28/2013,71.800003,72.25,69,71.959999,28284300
7/1/2013,72.139999,73.510002,72,72.099998,6396100
7/2/2013,71.730003,72.449997,71.389999,72.120003,4684700
7/3/2013,71.879997,73,71.879997,72.68,2903300
7/5/2013,73.25,74.089996,73,73.639999,3125500
7/8/2013,74.010002,74.860001,73.760002,74.470001,4583900
7/9/2013,74.860001,74.980003,73.839996,74.099998,4338500
7/10/2013,74.220001,74.5,73.730003,74.349998,3546500
7/11/2013,75,75.580002,74.889999,75.199997,4098000
7/12/2013,75.5,75.739998,74.959999,75.519997,3508400
7/15/2013,75.809998,76.290001,75.349998,76.25,2247400
7/16/2013,75.980003,76.620003,74.68,75.290001,3676300
7/17/2013,75.760002,75.769997,74.970001,75.160004,3335500
7/18/2013,75.050003,75.980003,75.010002,75.440002,2646900
7/19/2013,75.559998,75.559998,74.540001,75.220001,4100500
7/22/2013,75.830002,75.889999,74.879997,75,2697300
7/23/2013,75.139999,75.190002,74.230003,74.25,2495000
7/24/2013,74.589996,74.949997,73.510002,73.720001,2318300
7/25/2013,73.5,73.980003,73.019997,73.139999,3265100
7/26/2013,73.139999,73.150002,72.160004,73.120003,3391100
7/29/2013,72.839996,72.839996,72.150002,72.370003,3101600
7/30/2013,73.360001,73.919998,72.550003,73.739998,3977100
7/31/2013,73.690002,74.830002,73.470001,73.809998,3839600
8/1/2013,74.209999,74.970001,73.75,74.849998,2972200
8/2/2013,74.339996,74.639999,74,74.589996,4042600
8/5/2013,74.389999,74.779999,74.099998,74.230003,2556000
8/6/2013,74.010002,74.5,73.190002,73.25,3261600
8/7/2013,73.07,73.400002,72.57,73,2584200
8/8/2013,72.809998,73.599998,72.620003,72.980003,3151600
8/9/2013,73.029999,73.910004,73.029999,73.529999,3196300
8/12/2013,72.989998,73.699997,72.580002,72.790001,2944300
8/13/2013,73,73.18,72.610001,72.879997,2769500
8/14/2013,72.709999,72.870003,71.389999,71.5,4341200
8/15/2013,70.669998,71.959999,70.5,71.529999,3651300
8/16/2013,71.370003,71.870003,71.169998,71.650002,3396300
8/19/2013,71.629997,72.370003,71.400002,71.669998,3138400
8/20/2013,71.68,72.650002,71.400002,72.160004,3078500
8/21/2013,72.120003,73.269997,71.980003,72.809998,3539800
8/22/2013,72.839996,74.5,72.790001,74.099998,3467200
8/23/2013,74.540001,74.650002,73.660004,74.010002,2836500
8/26/2013,73.879997,74.559998,73.720001,73.730003,2009700
8/27/2013,72.919998,73.230003,72.110001,72.239998,2836900
8/28/2013,72.349998,72.769997,72,72.449997,2002800
8/29/2013,72.32,73.220001,72.139999,72.720001,1828100
8/30/2013,72.769997,72.870003,71.769997,72.25,2709900
9/3/2013,72.720001,73.529999,72.669998,73.080002,3186000
9/4/2013,73.080002,73.330002,72.529999,73.050003,2079400
9/5/2013,73,74.260002,73,74,2390800
9/6/2013,74.120003,74.599998,73.150002,73.209999,2984700
9/9/2013,73.5,73.75,73.260002,73.580002,2827700
9/10/2013,74,74.940002,73.940002,74.739998,2017500
9/11/2013,74.760002,75.660004,74.709999,75,3266100
9/12/2013,74.989998,75.230003,74.080002,74.160004,3104500
9/13/2013,74.5,74.730003,74.019997,74.5,2328700
9/16/2013,75.339996,76.510002,75.339996,76.339996,3258500
9/17/2013,76.269997,76.879997,75.980003,76.610001,2549100
9/18/2013,76.739998,78.059998,76.339996,77.790001,2761200
9/19/2013,78.050003,78.330002,77.459999,77.550003,2830300
9/20/2013,77.599998,78.339996,77.230003,77.32,4290400
9/23/2013,77.099998,77.5,76.290001,76.360001,2870600
9/24/2013,76.290001,76.650002,74.75,75.139999,5160600
9/25/2013,75.440002,76.330002,75,76.120003,3259800
9/26/2013,76.5,76.730003,75.620003,75.870003,5003300
9/27/2013,74.5,74.650002,72.360001,74.089996,8859200
9/30/2013,74.059998,74.190002,73.5,73.639999,5534400
10/1/2013,73.540001,74.519997,73.309998,73.82,2529400
10/2/2013,73.379997,73.699997,73.010002,73.510002,2512100
10/3/2013,73.370003,73.599998,73.010002,73.139999,2760900
10/4/2013,73.330002,73.82,72.989998,73.260002,2241300
10/7/2013,72.510002,73.470001,72.309998,72.349998,2966300
10/8/2013,72.510002,72.919998,70.730003,71.089996,5089300
10/9/2013,70.580002,70.75,69.779999,70.279999,5006100
10/10/2013,70.989998,71.440002,70.809998,71.260002,3247200
10/11/2013,71.559998,72.75,71.349998,72.709999,2747800
10/14/2013,72.169998,72.830002,71.949997,72.660004,1734000
10/15/2013,72.260002,72.519997,71.559998,71.599998,2267800
10/16/2013,72.010002,72.669998,71.830002,72.43,2441000
10/17/2013,71.809998,72.910004,71.559998,72.849998,2998300
10/18/2013,72.949997,73.110001,72.309998,72.879997,4100600
10/21/2013,73.029999,73.599998,72.849998,73.529999,3067200
10/22/2013,73.620003,74.160004,73.269997,73.949997,2990800
10/23/2013,73.650002,73.910004,73.269997,73.779999,2711500
10/24/2013,73.739998,73.970001,73.349998,73.5,3761200
10/25/2013,73.5,73.760002,73.300003,73.610001,2564900
10/28/2013,73.599998,74.440002,73.440002,74.32,2893600
10/29/2013,74.449997,74.949997,74.300003,74.910004,2780700
10/30/2013,74.779999,75.260002,74.209999,74.25,2835000
10/31/2013,74.239998,74.370003,73.5,73.5,2773600
11/1/2013,73.889999,74.160004,72.919998,73,3300700
11/4/2013,73.099998,73.230003,72.540001,72.709999,2942700
11/5/2013,72.790001,73.75,72.330002,73.360001,2834800
11/6/2013,73.440002,75.230003,73.43,75.040001,4268900
11/7/2013,74.370003,76.279999,74.370003,75.550003,4435800
11/8/2013,75.389999,75.989998,75.019997,75.239998,2909400
11/11/2013,75.150002,75.709999,75,75.489998,1778200
11/12/2013,75.440002,76.599998,75.309998,76.300003,4196900
11/13/2013,76.239998,77.57,75.559998,77.410004,3826800
11/14/2013,76.809998,77.580002,76.279999,77.059998,3943500
11/15/2013,77.470001,78.510002,77.410004,78.019997,6371000
11/18/2013,78.019997,79.449997,77.959999,78.519997,3836600
11/19/2013,78.639999,79.239998,78.400002,78.470001,2720600
11/20/2013,78.470001,79.300003,77.860001,78.160004,2447600
11/21/2013,78.360001,78.720001,77.879997,78.43,2201500
11/22/2013,78.489998,78.529999,77.650002,77.839996,2175200
11/25/2013,77.82,77.959999,77.050003,77.209999,1863000
11/26/2013,77.379997,77.959999,77.260002,77.370003,2002800
11/27/2013,77.410004,78.010002,77.209999,77.610001,1755200
11/29/2013,77.75,78.25,77.339996,77.470001,1560600
12/2/2013,77.419998,77.639999,76.150002,76.330002,2489300
12/3/2013,76.330002,77.239998,76.029999,77.089996,2138700
12/4/2013,75.5,76.349998,75.139999,76.07,3550500
12/5/2013,76.139999,76.290001,75.629997,75.790001,2197300
12/6/2013,75.970001,76.220001,75.169998,75.529999,3259400
12/9/2013,75.639999,75.980003,75.010002,75.129997,2434400
12/10/2013,75.110001,75.690002,74.370003,75.410004,2350700
12/11/2013,75.510002,76,74.279999,74.400002,3000800
12/12/2013,74.419998,74.870003,74.040001,74.080002,3266300
12/13/2013,74.269997,74.620003,73.790001,73.940002,2841400
12/16/2013,74.089996,74.860001,74.089996,74.620003,4172100
12/17/2013,74.529999,74.790001,73.959999,74,4082900
12/18/2013,74.150002,75.800003,74.150002,75.620003,6325600
12/19/2013,77.519997,79.949997,77.489998,79.510002,10933800
12/20/2013,79.720001,80.980003,79.599998,80.550003,6782700
12/23/2013,80.510002,81.699997,79.980003,81.550003,4405000
12/24/2013,80.860001,81.389999,80.650002,81.309998,1564700
12/26/2013,81.470001,82.529999,81.230003,82.150002,2399200
12/27/2013,82.459999,83.449997,82.43,82.510002,2466200
12/30/2013,81.709999,82.199997,80.68,82.059998,2551900
12/31/2013,81.68,82.459999,81.480003,82.220001,2113800
1/2/2014,81.5,81.919998,81.089996,81.129997,2405400
1/3/2014,81.209999,81.82,81.089996,81.400002,1812600
1/6/2014,81.309998,81.5,80.440002,80.540001,2312300
1/7/2014,80.839996,81.940002,80.660004,81.519997,3368400
1/8/2014,81.290001,82.199997,81.25,82.150002,4217400
1/9/2014,82.019997,83.050003,82,82.949997,4054200
1/10/2014,82.75,83.220001,82.389999,83.199997,4369200
1/13/2014,82.709999,82.739998,80.800003,81.059998,3941400
1/14/2014,80.779999,82.25,80.709999,81.949997,3288600
1/15/2014,82.089996,84.309998,81.610001,84.220001,4284900
1/16/2014,83.540001,84.260002,83.139999,84.120003,4183500
1/17/2014,83.639999,84.900002,83.629997,84.43,3762200
1/21/2014,84.220001,85.040001,83.860001,84.93,3031300
1/22/2014,84.459999,85.879997,84.459999,85.400002,3564100
1/23/2014,84.809998,85.07,83.5,83.919998,4147500
1/24/2014,83.290001,83.300003,81.169998,81.18,3370800
1/27/2014,81.339996,81.900002,80.18,81.150002,2640300
1/28/2014,81.730003,81.910004,80.93,81.300003,2995700
1/29/2014,81.269997,81.769997,80.129997,80.32,2703500
1/30/2014,81.050003,81.339996,80.190002,80.720001,2244700
1/31/2014,80,80.379997,78.82,79.879997,3696800
2/3/2014,80.019997,80.68,77.660004,78.089996,3745100
2/4/2014,78.389999,78.510002,77.900002,78.080002,2608200
2/5/2014,77.870003,78.529999,77.419998,77.57,3163200
2/6/2014,77.870003,78.739998,77.790001,78.519997,2224800
2/7/2014,78.809998,80.730003,78.669998,80.580002,3437500
2/10/2014,80.190002,80.580002,79.779999,79.970001,2399900
2/11/2014,80.529999,80.889999,80.150002,80.550003,2159900
2/12/2014,80.839996,81.839996,80.839996,81.209999,2489300
2/13/2014,80.860001,81.980003,80.629997,81.739998,1895000
2/14/2014,81.730003,82.43,81.379997,82.110001,2024000
2/18/2014,82.099998,82.75,81.779999,82.589996,2013800
2/19/2014,82.419998,83.739998,82.239998,83.260002,3801400
2/20/2014,83.160004,83.589996,82.940002,83.379997,2465300
2/21/2014,83.599998,84.190002,83.529999,83.800003,2366600
2/24/2014,83.709999,84.75,83.610001,83.949997,1843100
2/25/2014,84,84,82.970001,83.410004,2189700
2/26/2014,83.760002,83.800003,83.110001,83.400002,1987600
2/27/2014,82.400002,83.690002,81.940002,83.360001,2108000
2/28/2014,83.309998,83.809998,82.730003,83.349998,2420000
3/3/2014,82.559998,82.75,81.779999,82.5,1970600
3/4/2014,83.419998,84.629997,83.360001,83.980003,2217800
3/5/2014,83.940002,84.209999,83.480003,84.110001,1793900
3/6/2014,84.239998,84.360001,83.589996,83.800003,1976200
3/7/2014,84.32,84.690002,83.599998,83.93,1951800
3/10/2014,83.82,84.269997,83.440002,84.040001,1520800
3/11/2014,84.32,84.599998,83.379997,83.550003,1687300
3/12/2014,83.160004,83.309998,82.589996,82.75,2643300
3/13/2014,83.010002,83.019997,81.870003,82.089996,2702000
3/14/2014,81.980003,82.470001,81.32,81.379997,2048800
3/17/2014,81.970001,83.43,81.730003,83.389999,2286600
3/18/2014,83.690002,84.120003,83.330002,83.790001,2181100
3/19/2014,83.57,83.82,81.900002,82.629997,1984500
3/20/2014,82.5,83.099998,81.809998,83.059998,1657300
3/21/2014,83.440002,83.690002,82.629997,82.830002,4799100
3/24/2014,83.32,83.82,81.610001,82,2998500
3/25/2014,82.610001,83.75,82.589996,83.519997,2875900
3/26/2014,84,84.120003,82.970001,82.970001,3972700
3/27/2014,80.110001,80.290001,76.25,78.800003,14814900
3/28/2014,79.550003,79.959999,78.470001,78.809998,7108500
3/31/2014,79.18,79.860001,78.25,79.720001,4318100
4/1/2014,79.599998,79.669998,78.970001,79.540001,3877400
4/2/2014,79.290001,80.150002,79.059998,79.989998,3091800
4/3/2014,79.790001,80,78.050003,79.349998,3588500
4/4/2014,79.589996,79.690002,78.059998,78.139999,4121300
4/7/2014,77.599998,78.989998,77.489998,78.879997,4568100
4/8/2014,78.470001,79.050003,78.18,78.290001,3772600
4/9/2014,77.660004,78.550003,77.279999,78.480003,3470700
4/10/2014,78.57,78.730003,76.769997,76.830002,3518400
4/11/2014,76.459999,77.629997,76.360001,77.089996,4761900
4/14/2014,77.470001,78.639999,76.879997,77.82,3672900
4/15/2014,78.07,78.949997,77.419998,78.919998,3333400
4/16/2014,79.540001,79.989998,78.970001,79.110001,3771500
4/17/2014,78.730003,79.5,78,78.900002,4428100
4/21/2014,78.879997,79.720001,78.730003,79.709999,2423900
4/22/2014,79.580002,80,78.910004,79.639999,2187800
4/23/2014,79.330002,79.730003,79.099998,79.110001,2014000
4/24/2014,79.449997,79.459999,77.959999,78.360001,3378900
4/25/2014,79.089996,79.220001,78.269997,78.43,2666600
4/28/2014,78.550003,79.330002,77.93,79.07,3553000
4/29/2014,79.029999,79.769997,78.839996,79.68,2315900
4/30/2014,77.650002,80.389999,77.349998,80.220001,3446600
5/1/2014,80.18,80.699997,79.650002,79.839996,2387100
5/2/2014,79.860001,80.199997,79.330002,79.360001,1797700
5/5/2014,78.739998,79.18,78.379997,79,1913100
5/6/2014,79,79,78.580002,78.730003,2188900
5/7/2014,78.739998,78.870003,77.709999,78.209999,3421800
5/8/2014,78.169998,79.050003,78.010002,78.830002,2607600
5/9/2014,78.809998,78.830002,78.080002,78.739998,1801200
5/12/2014,78.709999,79.5,78.709999,79.190002,2835500
5/13/2014,79.239998,79.970001,79.199997,79.68,1380800
5/14/2014,78.900002,79.610001,78.589996,78.849998,1705800
5/15/2014,78.830002,79.900002,78.279999,78.419998,2790200
5/16/2014,78.699997,79.75,78.550003,79.529999,2575100
5/19/2014,79.18,79.580002,78.93,79.559998,1727600
5/20/2014,79.349998,79.559998,78.190002,78.400002,1797200
5/21/2014,78.169998,79.480003,78.169998,79.370003,1578200
5/22/2014,79.410004,79.540001,78.879997,79.449997,1309200
5/23/2014,79.68,79.959999,79.480003,79.790001,1199800
5/27/2014,79.809998,80.220001,79.690002,80.099998,1830600
5/28/2014,80.059998,80.150002,79.459999,79.580002,1943100
5/29/2014,79.93,80.459999,79.449997,80.419998,1320800
5/30/2014,80.459999,81.489998,80.269997,81.449997,2477600
6/2/2014,81.099998,81.739998,81.089996,81.269997,1578100
6/3/2014,81.209999,82,81.099998,81.870003,2280400
6/4/2014,81.870003,83.730003,81.489998,83.449997,4563600
6/5/2014,83.529999,83.650002,82.919998,83.580002,2313400
6/6/2014,83.599998,83.879997,83.360001,83.529999,2429000
6/9/2014,83.489998,84.559998,83.400002,84.260002,2093000
6/10/2014,84.07,84.489998,83.559998,83.639999,1889300
6/11/2014,83.349998,83.620003,82.629997,82.940002,2402300
6/12/2014,83.040001,83.120003,82.089996,82.419998,1928700
6/13/2014,82.959999,83.400002,82.510002,82.730003,1625000
6/16/2014,82.440002,83.050003,82.290001,82.82,1807000
6/17/2014,82.629997,82.989998,82.260002,82.510002,1735500
6/18/2014,82.529999,82.790001,82.230003,82.690002,2702500
6/19/2014,82.830002,83.370003,82.709999,83.059998,2352300
6/20/2014,82.93,83.389999,82.410004,83.129997,4154500
6/23/2014,82.889999,82.980003,82.160004,82.669998,2964000
6/24/2014,82.699997,82.980003,82.260002,82.440002,2795800
6/25/2014,82.309998,83.529999,82.169998,83.059998,3735900
6/26/2014,82.949997,83.150002,79.769997,81.529999,7405900
6/27/2014,81.089996,81.800003,80.970001,81.349998,4008700
6/30/2014,81.099998,81.599998,80.75,80.839996,3472900
7/1/2014,81.089996,81.620003,80.910004,81.25,2141600
7/2/2014,81,81.489998,80.650002,81.059998,2400500
7/3/2014,81.260002,81.690002,81.220001,81.550003,1042900
7/7/2014,81.120003,81.32,80.769997,81.050003,2083500
7/8/2014,80.989998,81.260002,80.809998,81.110001,1815600
7/9/2014,81.150002,81.480003,80.529999,80.639999,2884000
7/10/2014,80.080002,80.419998,79.699997,79.769997,2965000
7/11/2014,79.879997,80.110001,79.550003,79.769997,2586700
7/14/2014,80.160004,80.32,79.260002,79.459999,2595800
7/15/2014,79.360001,79.860001,79.099998,79.360001,3195000
7/16/2014,79.870003,80.110001,79.449997,79.739998,3423500
7/17/2014,79.650002,80.099998,79.18,79.239998,2107700
7/18/2014,79.489998,79.790001,78.849998,79.739998,2818900
7/21/2014,79.849998,80.199997,79.389999,79.800003,1985800
7/22/2014,80,80.669998,79.989998,80.290001,2105700
7/23/2014,80.400002,80.779999,80.190002,80.589996,2483700
7/24/2014,80.330002,80.900002,80.230003,80.690002,2065600
7/25/2014,80.32,80.830002,80.120003,80.379997,1487600
7/28/2014,80.18,80.919998,79.970001,80.650002,1799200
7/29/2014,80.589996,80.959999,80.459999,80.57,2416900
7/30/2014,80.599998,80.870003,80.150002,80.489998,1722500
7/31/2014,79.910004,80.660004,79.220001,79.279999,2745800
8/1/2014,78.849998,79.480003,78.349998,78.699997,2402700
8/4/2014,78.970001,79.489998,78.5,79.349998,2160900
8/5/2014,78.959999,79.269997,78.040001,78.449997,2163300
8/6/2014,77.260002,78.139999,76.870003,77.839996,3093600
8/7/2014,78.309998,78.589996,77.339996,77.5,2138100
8/8/2014,77.720001,78.919998,77.379997,78.870003,2523000
8/11/2014,78.959999,79.519997,78.610001,78.959999,2931600
8/12/2014,78.889999,79.25,78.330002,78.57,2062500
8/13/2014,78.989998,79.25,78.519997,78.989998,2103700
8/14/2014,79.190002,79.269997,78.879997,79.269997,1682400
8/15/2014,79.480003,79.93,78.599998,79.010002,2533800
8/18/2014,79.410004,79.980003,79.330002,79.809998,1920700
8/19/2014,79.940002,80.5,79.650002,80.32,1663000
8/20/2014,80.32,80.489998,79.879997,80.400002,1214500
8/21/2014,80.660004,81.029999,80.419998,80.82,1360100
8/22/2014,80.599998,80.82,80.400002,80.510002,1810200
8/25/2014,81.040001,81.599998,80.879997,80.980003,1733300
8/26/2014,81.300003,81.989998,81.199997,81.620003,2432900
8/27/2014,81.459999,81.580002,80.760002,80.980003,1728000
8/28/2014,80.589996,81.800003,80.330002,81.019997,1846100
8/29/2014,81.32,81.32,80.519997,81.059998,1416600
9/2/2014,80.949997,81.489998,80.910004,81.120003,1754000
9/3/2014,81.550003,81.959999,81.300003,81.860001,2041300
9/4/2014,82.139999,82.160004,81.519997,81.760002,2781100
9/5/2014,81.699997,82.07,81.470001,81.830002,2276700
9/8/2014,81.75,82.050003,81.540001,81.730003,1880100
9/9/2014,81.699997,81.739998,80.699997,80.949997,2173800
9/10/2014,80.949997,81.349998,80.699997,81.209999,1922600
9/11/2014,81.059998,81.529999,80.82,81.510002,1856200
9/12/2014,81.300003,81.559998,80.580002,80.970001,2801800
9/15/2014,80.989998,81.150002,80.449997,80.599998,1949200
9/16/2014,79.839996,80.470001,79.18,80.089996,4188400
9/17/2014,80.07,80.209999,79.349998,79.68,3119200
9/18/2014,80.080002,80.709999,79.790001,80.459999,3034400
9/19/2014,80.639999,80.839996,79.650002,79.93,4365500
9/22/2014,79.919998,79.919998,79.07,79.220001,3698500
9/23/2014,79.220001,79.610001,78.900002,79.599998,4313400
9/24/2014,77.949997,80.43,77.559998,80.199997,6875200
9/25/2014,79.970001,80.110001,78.540001,78.980003,5547600
9/26/2014,79.230003,79.370003,78.75,79.290001,2912100
9/29/2014,78.260002,79.980003,78.080002,79.919998,2967300
9/30/2014,79.800003,81.769997,78.839996,81.32,5449100
10/1/2014,81.18,81.25,79.540001,79.720001,3785700
10/2/2014,79.489998,79.809998,78.75,79.43,3046100
10/3/2014,80,80.629997,80,80.32,2588200
10/6/2014,80.400002,80.940002,80.230003,80.730003,2475100
10/7/2014,80.510002,80.559998,78.800003,78.809998,2991100
10/8/2014,78.410004,80.080002,78.389999,79.839996,4899600
10/9/2014,79.940002,80.010002,78.120003,78.190002,3949100
10/10/2014,78.410004,78.82,76.800003,76.839996,3389400
10/13/2014,76.839996,77.32,76.25,76.290001,3332200
10/14/2014,76.639999,77.150002,75.980003,76.169998,6816800
10/15/2014,74.199997,76.190002,73.980003,75.849998,4809700
10/16/2014,74.93,76.599998,74.599998,76.150002,4648200
10/17/2014,76.830002,76.980003,76.32,76.620003,2738000
10/20/2014,75.68,76.739998,75.330002,76.440002,2457700
10/21/2014,76.830002,78.220001,76.580002,77.93,2382800
10/22/2014,78.099998,78.889999,77.419998,77.459999,2421600
10/23/2014,78.220001,78.480003,77.690002,78.080002,1976700
10/24/2014,78.099998,79.07,78.07,78.349998,2314000
10/27/2014,78.029999,79.419998,77.940002,79.019997,3383300
10/28/2014,79.279999,79.480003,79,79.470001,2465400
10/29/2014,79.470001,79.949997,79,79.550003,2432800
10/30/2014,79.349998,80.650002,79.349998,80.620003,2775400
10/31/2014,81.080002,81.419998,80.940002,81.120003,3089700
11/3/2014,81.029999,81.370003,80.669998,80.970001,2306800
11/4/2014,80.889999,81.290001,80.779999,81.150002,2371300
11/5/2014,81.5,82.5,81.349998,82.480003,3201700
11/6/2014,82.190002,83.309998,82.110001,83.239998,2606900
11/7/2014,83.239998,83.75,82.720001,83.480003,2504900
11/10/2014,83.160004,84.349998,83.160004,84.160004,2444500
11/11/2014,84.129997,84.5,83.779999,83.940002,1650300
11/12/2014,83.830002,84.220001,83.57,84.120003,1929600
11/13/2014,84.029999,84.779999,83.800003,84.440002,2337200
11/14/2014,84.269997,84.739998,84.050003,84.639999,2777200
11/17/2014,84.43,84.790001,84.129997,84.650002,1890200
11/18/2014,84.650002,84.769997,84.080002,84.300003,2715500
11/19/2014,84.059998,84.199997,83.459999,83.639999,2117400
11/20/2014,83.480003,83.910004,83.160004,83.440002,1573400
11/21/2014,84.32,84.370003,83.709999,84.080002,2204300
11/24/2014,83.989998,85,83.989998,84.93,2003200
11/25/2014,84.800003,85.379997,84.779999,85.32,3475200
11/26/2014,85.279999,85.290001,84.809998,85.150002,1930100
11/28/2014,85.290001,86.489998,85.190002,86.330002,1725100
12/1/2014,85.879997,87.080002,85.610001,86,2743600
12/2/2014,85.849998,86.220001,85.25,85.980003,2504300
12/3/2014,86.400002,86.599998,85.779999,86.519997,1728400
12/4/2014,86.410004,86.559998,85.93,86.339996,1724400
12/5/2014,86.309998,86.489998,86.080002,86.190002,2229900
12/8/2014,86.160004,86.160004,84.769997,84.970001,2179100
12/9/2014,84.169998,85.220001,83.989998,85.18,1652900
12/10/2014,85.199997,85.309998,83.620003,83.730003,1967700
12/11/2014,84.379997,85.43,83.68,83.879997,2369300
12/12/2014,83.410004,83.470001,81.860001,81.900002,2784800
12/15/2014,82.129997,82.849998,81.690002,81.879997,3154600
12/16/2014,82,84.220001,81.660004,82.870003,4386500
12/17/2014,83,85.309998,82.849998,85.300003,5081000
12/18/2014,88.120003,90.989998,87.790001,89.739998,8918400
12/19/2014,90.150002,91.360001,89.639999,90.510002,6480600
12/22/2014,90.080002,91.25,89.769997,91.18,2986500
12/23/2014,91.349998,91.75,90.699997,91.419998,2148500
12/24/2014,91.480003,91.940002,91.309998,91.32,914900
12/26/2014,91.400002,91.720001,91.18,91.260002,1194000
12/29/2014,90.900002,91.050003,90.239998,90.519997,1994000
12/30/2014,90.5,90.839996,89.989998,90.190002,1721900
12/31/2014,90.18,90.480003,89.290001,89.309998,1754500
1/2/2015,89.669998,90.089996,88.43,88.839996,2021300
1/5/2015,88.040001,88.32,87.18,87.339996,3000000
1/6/2015,87.5,87.769997,86.010002,86.709999,2867000
1/7/2015,87.160004,88.75,87.160004,88.529999,2865500
1/8/2015,89,90.150002,88.839996,89.879997,2802900
1/9/2015,89.949997,90.150002,89.379997,89.779999,2399900
1/12/2015,89.110001,90.019997,88.910004,89.510002,2417400
1/13/2015,89.769997,91.339996,89.150002,89.830002,4007000
1/14/2015,89.540001,89.540001,88,88.779999,2377900
1/15/2015,89.010002,89.099998,87.669998,88.169998,1821000
1/16/2015,87.75,89.010002,87.550003,88.889999,2657400
1/20/2015,88.889999,89.419998,87.919998,88.620003,2333600
1/21/2015,88.349998,88.629997,87.730003,88.339996,2040800
1/22/2015,88.720001,89.559998,87.949997,89.5,2656900
1/23/2015,89.510002,89.919998,89.139999,89.220001,1939100
1/26/2015,89.040001,89.199997,88.239998,89.080002,1997200
1/27/2015,87.949997,88.32,86,86.160004,3689000
1/28/2015,86.93,87.120003,84.330002,84.360001,3469100
1/29/2015,84.949997,85.699997,83.940002,85.639999,3590600
1/30/2015,85.120003,85.440002,83.860001,84.029999,3837500
2/2/2015,84.419998,85.849998,83.470001,85.830002,3088500
2/3/2015,86.25,87.959999,85.970001,87.919998,3497400
2/4/2015,89.18,89.18,87.169998,87.339996,2764100
2/5/2015,88.110001,88.540001,87.339996,88.470001,2102000
2/6/2015,88.599998,89.099998,87.839996,88.150002,2365300
2/9/2015,87.510002,88.230003,87.099998,87.360001,2670500
2/10/2015,87.739998,87.910004,86.68,87.519997,2573800
2/11/2015,87.519997,88.169998,87.25,87.959999,1829800
2/12/2015,88.059998,89.220001,87.980003,89.089996,1931300
2/13/2015,89.089996,89.800003,89.080002,89.790001,1774400
2/17/2015,89.629997,89.790001,88.830002,89.300003,1915900
2/18/2015,89,89.519997,88.860001,89.43,1508900
2/19/2015,89.529999,90.379997,89.370003,90.269997,1751700
2/20/2015,90.019997,90.980003,89.309998,90.489998,2950600
2/23/2015,90.599998,90.790001,90.129997,90.57,1579000
2/24/2015,90.169998,91,89.889999,90.849998,1592000
2/25/2015,90.639999,91.440002,90.330002,90.599998,1732900
2/26/2015,90.82,91.230003,90,90.300003,2156800
2/27/2015,90.050003,90.760002,89.860001,90.029999,1686100
3/2/2015,90.029999,91.239998,89.730003,91.18,1975000
3/3/2015,91.18,91.269997,90.550003,90.839996,2888300
3/4/2015,90.830002,91.199997,90.059998,90.910004,2724600
3/5/2015,91.309998,92.18,91.18,92.050003,3019600
3/6/2015,91.620003,91.949997,90.489998,90.669998,3735000
3/9/2015,90.730003,90.959999,90.139999,90.790001,1464200
3/10/2015,89.959999,90.209999,88.050003,88.059998,3230200
3/11/2015,88.290001,88.900002,86.760002,86.860001,4320400
3/12/2015,87.029999,88.300003,86.860001,88.199997,2164100
3/13/2015,88.18,88.209999,86.400002,87.870003,3617200
3/16/2015,88.32,89.099998,88.139999,88.910004,2246000
3/17/2015,88.349998,88.879997,88.209999,88.839996,2210900
3/18/2015,88.800003,91.349998,88.370003,90.93,2664900
3/19/2015,90.889999,91.339996,89.989998,90.190002,2658500
3/20/2015,90.889999,91.650002,90.510002,91.480003,3558200
3/23/2015,91.379997,91.779999,91.209999,91.540001,1914700
3/24/2015,91.489998,91.489998,89.279999,89.410004,2948600
3/25/2015,89.410004,89.949997,88.18,88.209999,3607100
3/26/2015,91.510002,94.980003,90.940002,94.169998,7157000
3/27/2015,93.919998,94.139999,92.650002,93.940002,4347000
3/30/2015,94.150002,94.839996,93.940002,94.419998,3333100
3/31/2015,94.010002,94.489998,93.550003,93.690002,2708600
4/1/2015,93.559998,93.93,92.68,93.559998,2736100
4/2/2015,93.699997,94.419998,93.099998,94.18,2145700
4/6/2015,93.459999,96,93.129997,95.690002,2563700
4/7/2015,95.639999,96.779999,95.139999,96.389999,4232700
4/8/2015,95.459999,96.160004,94.660004,95.120003,2651600
4/9/2015,95.400002,95.660004,94.68,95.470001,1952200
4/10/2015,95.449997,95.470001,94.529999,94.690002,2158000
4/13/2015,94.339996,94.879997,93.440002,93.489998,2443900
4/14/2015,93.57,94.220001,93.220001,93.809998,2085600
4/15/2015,94.269997,94.5,94.010002,94.160004,2093900
4/16/2015,93.910004,94.220001,93.669998,94.059998,1934800
4/17/2015,93.290001,93.410004,92.160004,92.389999,2647800
4/20/2015,92.989998,93.559998,92.620003,93.269997,3292900
4/21/2015,93.910004,94,92.870003,93,1949800
4/22/2015,93.339996,93.629997,92.760002,93.379997,1896200
4/23/2015,93.379997,94.269997,92.849998,93.839996,2165500
4/24/2015,93.290001,93.82,92.639999,93.400002,2249800
4/27/2015,94.029999,94.400002,93.529999,93.760002,2155500
4/28/2015,93.599998,94.489998,92.739998,94.419998,1976300
4/29/2015,94.25,94.410004,92.910004,93.650002,1701900
4/30/2015,93.230003,93.860001,92.129997,92.650002,1804800
5/1/2015,93.32,93.669998,92.699997,93.360001,1851300
5/4/2015,93.839996,94.959999,93.760002,94.440002,1990600
5/5/2015,94.440002,94.739998,93.440002,93.650002,1769000
5/6/2015,93.660004,93.970001,92.589996,93,2386600
5/7/2015,92.93,94.830002,92.739998,94.489998,2466600
5/8/2015,95.57,96.290001,94.989998,95.889999,2411700
5/11/2015,95.5,96.440002,95.410004,96.010002,2837700
5/12/2015,95.309998,95.620003,94.449997,95.419998,2065100
5/13/2015,95.599998,96.099998,95.080002,95.68,1784400
5/14/2015,96.139999,97,96.059998,96.980003,1504600
5/15/2015,96.830002,97.239998,96.459999,97.019997,2578500
5/18/2015,96.610001,97.739998,96.610001,97.459999,2110900
5/19/2015,97.709999,97.949997,96.919998,97.18,1672000
5/20/2015,97.330002,97.779999,96.690002,97.050003,1441100
5/21/2015,96.779999,97.050003,96.290001,96.830002,1677800
5/22/2015,96.5,96.690002,95.919998,96.389999,2083000
5/26/2015,96.870003,97.169998,95.739998,96.089996,2397400
5/27/2015,96.309998,96.949997,95.940002,96.769997,1513600
5/28/2015,96.699997,97.019997,96.080002,96.910004,1202700
5/29/2015,96.779999,96.970001,95.800003,96.040001,1712600
6/1/2015,96.18,96.599998,95.610001,96.190002,1422100
6/2/2015,95.959999,96.849998,95.620003,96.330002,1152300
6/3/2015,96.769997,97.269997,96.349998,96.980003,1322900
6/4/2015,96.080002,96.790001,95.690002,95.93,1535100
6/5/2015,95.910004,96.059998,94.839996,95.400002,1753900
6/8/2015,95.160004,95.400002,94.669998,94.769997,1449700
6/9/2015,95.260002,95.400002,94.25,94.940002,1284800
6/10/2015,95.300003,96.919998,95.190002,96.519997,2131100
6/11/2015,96.660004,97.18,96.550003,96.919998,1857600
6/12/2015,96.309998,96.699997,95.93,96.099998,2034700
6/15/2015,95.089996,95.949997,94.690002,95.790001,1961500
6/16/2015,95.879997,96.93,95.610001,96.699997,1675300
6/17/2015,96.989998,97.309998,96.029999,96.93,1839900
6/18/2015,97.059998,97.699997,96.790001,97.309998,2003400
6/19/2015,96.980003,97.660004,96.790001,97.019997,2353900
6/22/2015,97.629997,99.059998,97.540001,98.589996,3081900
6/23/2015,99.040001,99.440002,97.730003,98.25,2513300
6/24/2015,98.010002,98.400002,96.790001,97.769997,2533000
6/25/2015,100.209999,100.470001,99.160004,99.480003,5103200
6/26/2015,99.970001,100.349998,98.519997,99,4990400
6/29/2015,98.139999,99.07,96.540001,96.68,3025000
6/30/2015,97.690002,97.690002,96.57,96.779999,2572500
7/1/2015,97.739998,98.790001,97.309998,98.059998,2259500
7/2/2015,98.290001,98.720001,96.510002,97.330002,2456700
7/6/2015,96.440002,97.580002,96.309998,97.339996,1817900
7/7/2015,97.800003,99.099998,96.650002,98.68,3089500
7/8/2015,99.449997,99.449997,96.949997,97.620003,2623300
7/9/2015,98.800003,99.089996,97.650002,97.75,2734900
7/10/2015,98.730003,99.279999,98.029999,98.779999,2536200
7/13/2015,99.349998,100.769997,99.089996,100.550003,3488900
7/14/2015,100.010002,100.870003,99.730003,100.739998,2394900
7/15/2015,100.559998,100.709999,99.650002,99.949997,1858600
7/16/2015,100.550003,101.620003,100.550003,101.449997,1858500
7/17/2015,101.559998,101.559998,100.169998,100.480003,1544700
7/20/2015,100.699997,101.190002,100.330002,100.720001,1579000
7/21/2015,100.370003,101.220001,100.199997,100.389999,1534400
7/22/2015,100.309998,102.5,100.25,102.330002,2775300
7/23/2015,102.5,103.309998,102.169998,102.419998,2308100
7/24/2015,102.169998,102.800003,100.879997,101.169998,2114800
7/27/2015,100.660004,101.010002,100.040001,100.389999,1871100
7/28/2015,100.910004,101.760002,100.449997,101.690002,1708400
7/29/2015,101.690002,102.709999,101.519997,102.449997,2071700
7/30/2015,102.059998,102.989998,101.610001,102.660004,1447200
7/31/2015,103,103.989998,102.93,103.110001,2402100
8/3/2015,103.169998,103.779999,102.389999,103.209999,2177600
8/4/2015,103.209999,104.599998,103.110001,103.419998,2141300
8/5/2015,105,105.330002,104.129997,104.5,2569900
8/6/2015,104.300003,104.860001,103,103.099998,1643800
8/7/2015,103.029999,103.830002,102.629997,103.739998,1760600
8/10/2015,104.309998,105.370003,104.139999,105.199997,1763800
8/11/2015,104.790001,104.949997,103.410004,103.580002,1936900
8/12/2015,102.779999,103.849998,102.339996,103.769997,2357100
8/13/2015,104.040001,104.089996,102.669998,103.389999,2358200
8/14/2015,103,103.529999,102.419998,103.449997,2055600
8/17/2015,103.330002,103.540001,102.43,103.480003,1874600
8/18/2015,103.639999,104.089996,103.099998,103.860001,1952300
8/19/2015,104.029999,104.160004,102.519997,102.870003,2082100
8/20/2015,102.18,103.660004,99.870003,99.970001,3459900
8/21/2015,99.370003,99.760002,97.089996,97.129997,3360600
8/24/2015,91.339996,94.260002,88.43,92.669998,5216500
8/25/2015,95.419998,95.760002,92.050003,92.139999,4313200
8/26/2015,94.330002,95.269997,92.400002,95.040001,3998900
8/27/2015,96.209999,96.5,93.959999,95.730003,3993100
8/28/2015,95.360001,96.139999,94.919998,95.849998,3221800
8/31/2015,95.209999,95.660004,94.190002,94.269997,2723900
9/1/2015,91.879997,93.5,91.68,92.290001,3869300
9/2/2015,93.589996,94.449997,92.32,94.43,2539300
9/3/2015,95.010002,95.940002,94.660004,95.610001,2815400
9/4/2015,94.309998,95.120003,93.68,94.449997,3421400
9/8/2015,96.269997,97.339996,96.010002,97.120003,2508200
9/9/2015,97.419998,97.849998,95.330002,95.519997,2087600
9/10/2015,95.389999,97.360001,95.360001,96.809998,3342100
9/11/2015,96.589996,97.449997,96,97.349998,1982700
9/14/2015,97.410004,97.5,96.400002,96.510002,2002500
9/15/2015,97,98.620003,96.139999,98.239998,2088000
9/16/2015,98.220001,99.349998,98.059998,98.959999,1741900
9/17/2015,98.959999,99.940002,98.349998,98.529999,2397500
9/18/2015,94.790001,98.510002,94.790001,97.529999,3564700
9/21/2015,98.050003,99.129997,97.660004,98.43,2345900
9/22/2015,97.129997,97.830002,96.150002,97.669998,2920500
9/23/2015,97.82,98.360001,97.32,97.860001,2816500
9/24/2015,95.769997,98,95.669998,97.769997,4054600
9/25/2015,98.360001,98.410004,96.370003,96.940002,3413400
9/28/2015,96.529999,97.32,95.800003,95.949997,3025500
9/29/2015,96.089996,96.779999,95.529999,96.599998,3371600
9/30/2015,97.639999,98.379997,97.349998,98.260002,3637900
10/1/2015,98.470001,99,97.050003,98.440002,3222700
10/2/2015,97.080002,99.419998,96.309998,99.389999,2610200
10/5/2015,99.970001,101.809998,99.940002,101.620003,2228200
10/6/2015,101.5,101.949997,100.889999,101.5,2460800
10/7/2015,102,102.629997,101.279999,102.620003,1954200
10/8/2015,102.510002,105.269997,102.190002,105.010002,3450100
10/9/2015,105.110001,106.480003,104.669998,104.779999,3835700
10/12/2015,104.690002,105.220001,104.610001,105.050003,2356700
10/13/2015,103,104.620003,102.730003,103.480003,2585600
10/14/2015,102.220001,102.949997,101.199997,102.43,2421100
10/15/2015,103.050003,103.050003,102.150002,102.300003,2737800
10/16/2015,103,103.010002,102.18,103.010002,2190500
10/19/2015,102.779999,103.32,102.589996,103.099998,2021700
10/20/2015,103.339996,103.639999,102.839996,103.470001,2813300
10/21/2015,103.970001,104.419998,102.400002,102.519997,1964500
10/22/2015,102.900002,106.610001,102.900002,106.459999,2483400
10/23/2015,107.300003,108.230003,106.269997,107.989998,2972600
10/26/2015,107.870003,108.440002,107.400002,107.970001,1479900
10/27/2015,107.550003,108.209999,107.290001,107.870003,1792300
10/28/2015,107.889999,109.860001,107.400002,109.730003,2910400
10/29/2015,109.07,109.379997,107.480003,107.949997,2438400
10/30/2015,108.050003,108.389999,107.199997,107.199997,2529200
11/2/2015,107.080002,107.93,107.080002,107.599998,2484600
11/3/2015,107.029999,107.690002,106.879997,107.309998,2443200
11/4/2015,107.330002,107.330002,106.459999,106.519997,2625600
11/5/2015,106.519997,106.959999,105.910004,106.089996,1841800
11/6/2015,105.32,106.25,105.089996,106,2204900
11/9/2015,105.230003,105.730003,104.550003,104.879997,2174100
11/10/2015,104.580002,105.199997,104.5,105.07,1580900
11/11/2015,105.300003,105.610001,105.040001,105.099998,1808400
11/12/2015,104.82,105.230003,104.160004,104.32,1830700
11/13/2015,104,104.5,103.019997,103.150002,2039300
11/16/2015,103.690002,106.419998,103.559998,106.330002,4147900
11/17/2015,106.400002,106.949997,105.379997,106.290001,2898700
11/18/2015,106.910004,108,106.290001,107.879997,2438900
11/19/2015,107.879997,108.43,107.040001,107.279999,2527800
11/20/2015,107.580002,108.309998,107.580002,107.970001,3405400
11/23/2015,107.970001,108.410004,107.550003,107.839996,2238800
11/24/2015,107.389999,107.739998,106.709999,107.349998,2547400
11/25/2015,107.690002,107.739998,107.019997,107.099998,1789000
11/27/2015,107.059998,107.760002,106.93,107.459999,995700
11/30/2015,107.580002,107.790001,107.099998,107.220001,2868800
12/1/2015,107.290001,108.25,107.220001,108.129997,2433700
12/2/2015,107.910004,108.650002,107.510002,107.589996,1780300
12/3/2015,107.540001,108.169998,105.370003,105.93,2587500
12/4/2015,106.290001,109.260002,106.25,109.099998,1970100
12/7/2015,109.129997,109.650002,108.239998,108.940002,1618700
12/8/2015,107.470001,109.239998,107.389999,108.910004,2293500
12/9/2015,108.559998,109.629997,106.739998,107.290001,1994700
12/10/2015,107.290001,108.5,106.839996,107.599998,2313200
12/11/2015,106.459999,106.720001,105.019997,105.300003,3066800
12/14/2015,105.690002,107.110001,105.370003,106.360001,3057200
12/15/2015,107.279999,107.989998,106.470001,106.720001,2859500
12/16/2015,107.32,109.220001,106.839996,109.080002,3146800
12/17/2015,107,107.150002,103.239998,103.260002,7181300
12/18/2015,103.129997,103.129997,101.910004,101.93,5473700
12/21/2015,102.919998,103.330002,102.190002,102.989998,2176200
12/22/2015,103.290001,103.940002,102.739998,103.760002,1812300
12/23/2015,104.059998,104.650002,103.75,104.419998,1491800
12/24/2015,104.220001,104.790001,104.190002,104.230003,686200
12/28/2015,103.639999,104.199997,103.419998,104.080002,1400900
12/29/2015,104.5,105.599998,104.5,105.32,1563100
12/30/2015,105.300003,106.389999,104.910004,105.860001,2047300
12/31/2015,105.400002,105.93,104.379997,104.5,1987700
1/4/2016,102.620003,102.650002,100.970001,101.830002,2817000
1/5/2016,101.970001,102.870003,101.470001,102.360001,2409000
1/6/2016,100.809998,103.059998,100.540001,102.160004,3134200
1/7/2016,99.75,100.839996,98.839996,99.160004,3194700
1/8/2016,99.480003,99.809998,98,98.199997,2330200
1/11/2016,98.480003,99.720001,98.080002,99.230003,2733300
1/12/2016,99.959999,101.290001,99.440002,101.010002,2811000
1/13/2016,101.389999,101.75,98.739998,99.260002,3160200
1/14/2016,99.120003,102.470001,98.910004,101.879997,4285500
1/15/2016,98.739998,101.010002,98.449997,99.269997,5184300
1/19/2016,100.160004,101.949997,99.779999,101.379997,3477500
1/20/2016,99.239998,100.190002,97.139999,99.059998,5245000
1/21/2016,99.040001,99.910004,98,98.290001,4499300
1/22/2016,99.790001,102.360001,99.559998,102.239998,3609700
1/25/2016,102.209999,103.150002,101.239998,101.75,2962100
1/26/2016,101.790001,103.129997,101.449997,102.529999,2925500
1/27/2016,102.669998,103.599998,101.330002,101.959999,3044300
1/28/2016,102.839996,103.589996,101.589996,103.080002,3378800
1/29/2016,103.370003,105.650002,103.239998,105.540001,4878500
2/1/2016,104.75,106.800003,104.730003,106.279999,3693100
2/2/2016,105.269997,105.620003,103.449997,103.82,2992900
2/3/2016,104.449997,104.68,100.620003,102.099998,4535300
2/4/2016,102.220001,103.019997,101.379997,102.730003,3834000
2/5/2016,102.419998,102.589996,98.580002,98.970001,3894500
2/8/2016,96.650002,96.650002,93.349998,95.07,6681700
2/9/2016,94.010002,95.080002,91.400002,93.32,6666400
2/10/2016,94.43,95.739998,94.129997,94.209999,4649100
2/11/2016,92.540001,93.919998,92.25,93.43,4202800
2/12/2016,94.43,95,93.989998,94.699997,3122500
2/16/2016,96.239998,97.089996,95.480003,96.910004,3808300
2/17/2016,97.739998,99.910004,97.730003,99.010002,3741700
2/18/2016,99.620003,101.120003,98.309998,98.519997,2740200
2/19/2016,98.309998,99.019997,97.93,98.949997,3229400
2/22/2016,100.160004,100.589996,99.580002,100.349998,2126300
2/23/2016,100.339996,100.68,99.550003,99.650002,2359100
2/24/2016,98.650002,99.620003,97.919998,99.550003,2567800
2/25/2016,99.959999,100.93,99.160004,100.910004,2794500
2/26/2016,101.480003,102.099998,100.949997,101.120003,2109900
2/29/2016,100.68,101.730003,100.139999,100.260002,2389500
3/1/2016,101.379997,103.449997,101,103.449997,2125500
3/2/2016,103.480003,103.480003,101.980003,102.660004,2436000
3/3/2016,102.449997,102.849998,101.18,102.800003,2031200
3/4/2016,103.089996,103.550003,102.57,103.18,1581900
3/7/2016,102.440002,102.559998,101.5,102.400002,1835600
3/8/2016,101.75,102.940002,101.360001,102.620003,2330600
3/9/2016,102.93,103.419998,102.620003,103.400002,2296300
3/10/2016,103.639999,104.400002,102.099998,103.580002,2406900
3/11/2016,104.489998,105.800003,104.160004,105.68,2952700
3/14/2016,105.099998,106.699997,104.970001,106.32,2757900
3/15/2016,106.059998,107.290001,105.400002,107.07,2391000
3/16/2016,107.239998,107.919998,106.260002,107.589996,2332800
3/17/2016,107.589996,108.669998,107.190002,108.559998,2876700
3/18/2016,108.730003,108.730003,107.190002,107.769997,8616800
3/21/2016,107.330002,108.849998,107.139999,108.160004,3472200
3/22/2016,107.720001,108.43,107.290001,107.830002,2136200
3/23/2016,107.379997,108.360001,107.209999,107.660004,3193300
3/24/2016,108.790001,114.440002,108.68,114.300003,6472700
3/28/2016,114.43,115.459999,113.68,114.169998,4214700
3/29/2016,113.5,115.470001,113.449997,115.260002,4021800
3/30/2016,115.400002,116.510002,115.029999,115.370003,3182300
3/31/2016,115.099998,116,115,115.400002,2740600
4/1/2016,114.760002,116.519997,114.699997,116.349998,2019200
4/4/2016,116.080002,116.199997,114.919998,115.5,2231900
4/5/2016,114.489998,115.150002,113.900002,114.129997,2069700
4/6/2016,113.989998,114.949997,113.739998,114.669998,2918800
4/7/2016,113.730003,114.019997,111.790001,112.099998,3075900
4/8/2016,112.919998,113.230003,111.849998,112.830002,1627300
4/11/2016,112.940002,114,112.800003,113.099998,2465400
4/12/2016,113.330002,114.5,112.919998,114.389999,2703800
4/13/2016,113.870003,115.019997,113.470001,114.959999,4390500
4/14/2016,115,115.269997,114.139999,114.75,2057700
4/15/2016,114.760002,115.309998,114.339996,114.82,2299700
4/18/2016,114.269997,115.68,113.949997,115.589996,2236500
4/19/2016,115.610001,115.830002,114.379997,115.099998,1823000
4/20/2016,115.5,116.18,115.089996,115.540001,2220900
4/21/2016,115.330002,116.169998,114.440002,114.480003,2327300
4/22/2016,114,114.970001,113.639999,113.949997,2634600
4/25/2016,113.860001,114.25,113.239998,114.099998,1805900
4/26/2016,114.410004,115.059998,113.839996,114.610001,2177200
4/27/2016,114.139999,115.669998,114.139999,115.480003,1990200
4/28/2016,114.989998,116.040001,113.980003,114.330002,2028200
4/29/2016,114.190002,114.190002,112.290001,112.919998,2451100
5/2/2016,112.900002,114.699997,112.309998,114.400002,2293900
5/3/2016,113.480003,113.879997,112.25,113.300003,2031600
5/4/2016,112.260002,113.910004,112.260002,113.550003,1816600
5/5/2016,113.650002,114.43,113.470001,114.080002,1704600
5/6/2016,113.82,115.669998,113.349998,115.550003,1917600
5/9/2016,115.279999,116.230003,115,115.470001,1452900
5/10/2016,115.589996,116.949997,115.480003,116.940002,1617400
5/11/2016,116.989998,116.989998,115.860001,115.980003,1582900
5/12/2016,116.419998,116.629997,115.470001,116.360001,2114300
5/13/2016,116.220001,116.629997,115.139999,115.440002,1803400
5/16/2016,115.620003,117.589996,115.010002,117.150002,2609800
5/17/2016,117.309998,117.5,115.870003,116.220001,2136800
5/18/2016,116.059998,117.349998,115.459999,116.519997,1367300
5/19/2016,116.269997,116.269997,114.589996,116.029999,1752500
5/20/2016,116.099998,116.910004,116.099998,116.470001,1538200
5/23/2016,116.690002,116.690002,115.839996,116.18,1249600
5/24/2016,116.580002,119.209999,116.580002,119.120003,2066400
5/25/2016,119.230003,119.720001,118.470001,118.550003,2123600
5/26/2016,118.589996,119.199997,118.050003,118.410004,1416500
5/27/2016,118.839996,118.940002,117.769997,118.940002,1317400
5/31/2016,118.889999,119.150002,118.089996,118.970001,1955700
6/1/2016,118.970001,119.120003,118.110001,119.010002,1202900
6/2/2016,118.699997,119.269997,118,119.239998,1605700
6/3/2016,118.879997,119,117.910004,118.900002,1196700
6/6/2016,119,119.760002,118.519997,119.599998,1202900
6/7/2016,119.940002,120.150002,119.239998,119.650002,1317300
6/8/2016,119.589996,119.949997,118.540001,119.32,2072100
6/9/2016,118.349998,119.529999,117.800003,119.440002,1197200
6/10/2016,118.5,118.889999,117.940002,118.269997,1452100
6/13/2016,117.860001,118.940002,117.029999,117.080002,1992300
6/14/2016,117.080002,118.32,116.75,118.089996,1425300
6/15/2016,118.300003,118.389999,117.330002,117.449997,1453300
6/16/2016,116.82,118.519997,116.629997,118.300003,1568800
6/17/2016,118.089996,118.110001,116.790001,117.57,2216500
6/20/2016,119.099998,120.330002,118.900002,119.050003,2092700
6/21/2016,119.610001,119.839996,119.199997,119.43,2040400
6/22/2016,119.940002,120.779999,118.919998,119.029999,3275500
6/23/2016,118.540001,118.910004,116.5,118.910004,2858800
6/24/2016,112.769997,114.900002,110.93,111.449997,6814300
6/27/2016,110.339996,110.75,108.660004,109.290001,3648000
6/28/2016,110.599998,111,109.580002,110.559998,2873000
6/29/2016,111.669998,112.019997,110.900002,111.760002,3603000
6/30/2016,112.32,113.309998,112.110001,113.290001,3682600
7/1/2016,113.660004,114.230003,113.290001,113.519997,2195500
7/5/2016,113.510002,113.559998,112.629997,113.099998,2041100
7/6/2016,112.629997,113.519997,111.959999,113.519997,2667200
7/7/2016,113.510002,113.900002,112.510002,112.699997,2050500
7/8/2016,113.730003,115.239998,113.169998,115.110001,1962800
7/11/2016,115.699997,115.980003,115.129997,115.459999,1522300
7/12/2016,115.900002,117.419998,115.599998,116.5,2431400
7/13/2016,117,117.160004,116.290001,116.830002,1537200
7/14/2016,117.5,118,116.660004,116.769997,1502000
7/15/2016,116.480003,116.639999,114.25,115.089996,2749000
7/18/2016,115.18,115.32,113.910004,114.139999,2390700
7/19/2016,113.650002,114.040001,113.040001,113.370003,1827000
7/20/2016,113.870003,116.050003,113.870003,115.449997,2665700
7/21/2016,115.07,115.290001,111.970001,112.360001,2465300
7/22/2016,112.779999,113.129997,111.849998,112.860001,1982800
7/25/2016,112.779999,113.110001,112.059998,113.07,1834100
7/26/2016,113.400002,114.419998,112.959999,114.260002,2796100
7/27/2016,114.449997,114.449997,113.209999,113.709999,2265100
7/28/2016,113.93,113.93,111.919998,112.080002,2224600
7/29/2016,112.400002,113.120003,111.330002,112.809998,2678700
8/1/2016,112.580002,113.550003,112.300003,112.879997,2235300
8/2/2016,112.639999,112.989998,112.080002,112.830002,2120100
8/3/2016,112.809998,113.610001,112.589996,113.610001,1601600
8/4/2016,113.169998,113.989998,112.690002,113.709999,2205900
8/5/2016,113.199997,114.739998,112.540001,114.599998,2746700
8/8/2016,114.599998,114.75,113.489998,113.68,1481900
8/9/2016,113.470001,113.809998,112.75,112.879997,1820000
8/10/2016,113.190002,113.480003,112.769997,113.220001,1498600
8/11/2016,113.529999,113.989998,113.379997,113.389999,1288600
8/12/2016,113.199997,113.550003,112.669998,113.029999,1414700
8/15/2016,113,114.110001,112.75,113.599998,2284400
8/16/2016,113.099998,113.260002,112.339996,112.980003,1998500
8/17/2016,113.089996,113.720001,112.410004,112.93,1566900
8/18/2016,112.739998,113.129997,111.919998,112.349998,2405600
8/19/2016,112.209999,113.150002,111.730003,113.050003,1519000
8/22/2016,112.730003,113.849998,112.360001,113.760002,1458600
8/23/2016,113.940002,115.900002,113.639999,115.480003,2385100
8/24/2016,115.470001,115.720001,114.269997,114.57,2266800
8/25/2016,114.239998,115.260002,113.669998,115.040001,1869300
8/26/2016,115.169998,116.199997,114.540001,115.199997,1419300
8/29/2016,115.080002,115.559998,114.349998,114.849998,1348700
8/30/2016,114.980003,115.550003,114.730003,115.349998,1319000
8/31/2016,114.93,115.379997,114.480003,115,1999400
9/1/2016,114.75,115.5,114.040001,115.059998,1572700
9/2/2016,115.5,116.260002,115.239998,115.660004,1539600
9/6/2016,115.830002,116,114.830002,115.360001,1479200
9/7/2016,115.370003,115.860001,114.940002,115.120003,1484300
9/8/2016,114.43,114.559998,112.25,112.300003,3066200
9/9/2016,111.709999,112.089996,110.330002,110.389999,3282700
9/12/2016,110.220001,112.959999,110.110001,112.760002,2370900
9/13/2016,111.580002,111.959999,110.169998,110.529999,2483200
9/14/2016,110.75,111.540001,109.290001,109.800003,2328100
9/15/2016,109.639999,111.419998,108.830002,110.720001,2903300
9/16/2016,110.330002,110.489998,109.120003,109.879997,2604900
9/19/2016,110.610001,111.279999,110.139999,110.5,1783100
9/20/2016,111.18,111.75,110.699997,110.699997,1995200
9/21/2016,111.489998,111.889999,110.75,111.699997,2466900
9/22/2016,111.980003,114.269997,111.910004,113.660004,2596200
9/23/2016,110.510002,113.790001,109.5,113.089996,2265200
9/26/2016,112.449997,113.949997,112.449997,113.730003,3224200
9/27/2016,113.75,116.220001,113.75,116.129997,3134700
9/28/2016,115.68,117.059998,115.370003,116.650002,3640300
9/29/2016,120.559998,124.959999,120.349998,121.639999,7643400
9/30/2016,121.779999,123.029999,121.779999,122.169998,4815800
10/3/2016,121.589996,122.470001,120.639999,120.860001,3667500
10/4/2016,121.18,121.440002,117.760002,118.239998,3973700
10/5/2016,118.489998,118.709999,117.510002,118.209999,2875100
10/6/2016,118.209999,118.809998,117.68,118.519997,2504500
10/7/2016,118.519997,118.639999,115.93,116,3034300
10/10/2016,116.379997,117.980003,116.379997,117.459999,2149600
10/11/2016,117.379997,117.440002,116.209999,116.970001,2708200
10/12/2016,117.410004,117.970001,116.709999,117.620003,2366500
10/13/2016,117.080002,118.5,116.029999,118.110001,3106600
10/14/2016,118.459999,119.160004,117.860001,118.25,2508500
10/17/2016,118.25,118.25,116.75,116.849998,1904900
10/18/2016,117.699997,118.260002,117.349998,117.529999,2458900
10/19/2016,116.709999,117.510002,116.129997,116.82,2263100
10/20/2016,116.599998,117.139999,115.959999,116.050003,2247800
10/21/2016,115.949997,116,114.910004,115.589996,1979100
10/24/2016,116.019997,116.5,115.480003,115.800003,1539800
10/25/2016,115.800003,115.870003,114.949997,115.269997,1456400
10/26/2016,114.790001,115.900002,114.510002,115.449997,1830900
10/27/2016,115.650002,116.110001,115.199997,115.459999,1871600
10/28/2016,115.849998,116.580002,115.029999,115.669998,1656200
10/31/2016,115.629997,116.559998,115.470001,116.239998,1877800
11/1/2016,116.5,116.699997,115.459999,116.139999,2444400
11/2/2016,116.139999,119.199997,116,118.610001,5361100
11/3/2016,118.129997,118.5,116.660004,116.949997,2086400
11/4/2016,117.040001,118.120003,116.440002,117.230003,2068300
11/7/2016,118.110001,120,118.110001,119.970001,2311100
11/8/2016,119.900002,121,119.510002,119.809998,2096000
11/9/2016,115.879997,118,114.660004,117.209999,5797600
11/10/2016,117.339996,120.800003,117.290001,120.330002,4357500
11/11/2016,119.660004,121,118.709999,119.18,3201800
11/14/2016,119.169998,119.589996,116.199997,117.25,3614200
11/15/2016,117.550003,117.839996,115.379997,115.989998,3119900
11/16/2016,116.190002,118.029999,115.760002,117.32,2143500
11/17/2016,117.5,118.540001,117.209999,118.370003,1313600
11/18/2016,118.25,118.559998,117.870003,118.43,2123500
11/21/2016,118.699997,119.879997,118.43,119.68,1694600
11/22/2016,119.919998,120.389999,119.32,119.480003,2251800
11/23/2016,119.360001,120.290001,119.07,119.82,1958700
11/25/2016,119.900002,120.779999,119.589996,120.739998,783700
11/28/2016,120.529999,121.389999,120.089996,120.760002,2075600
11/29/2016,120.739998,121.529999,120.370003,120.940002,1484000
11/30/2016,121.010002,121.139999,119.43,119.43,2635500
12/1/2016,119.5,120.050003,117.120003,117.660004,2260400
12/2/2016,117.629997,118.25,116.169998,117.290001,1922800
12/5/2016,117.860001,118.580002,117.290001,117.720001,2052300
12/6/2016,118.129997,118.889999,117.730003,118.410004,1973600
12/7/2016,118.650002,121.650002,118.449997,121.57,2024100
12/8/2016,121.669998,122.389999,121.269997,121.739998,1449300
12/9/2016,121.330002,123.459999,120.860001,123.309998,2227200
12/12/2016,122.860001,123.790001,122.599998,123.610001,1608700
12/13/2016,123.800003,125.720001,123.68,125.400002,2333200
12/14/2016,125.25,125.650002,123.43,123.650002,2041300
12/15/2016,123.449997,125.279999,123.260002,124.550003,1761400
12/16/2016,124.580002,125.160004,122.440002,123,4428100
12/19/2016,123.230003,124.440002,123.160004,123.650002,2750400
12/20/2016,124.040001,124.269997,123.010002,124.099998,3290800
12/21/2016,118.550003,119.980003,117.599998,117.900002,6032500
12/22/2016,118.059998,118.629997,117.010002,117.790001,2758400
12/23/2016,117.400002,118.209999,117.110001,117.480003,1697200
12/27/2016,117.360001,118.480003,117.209999,117.550003,1546300
12/28/2016,118,118,116.089996,116.610001,1797700
12/29/2016,116.980003,117.980003,116.510002,117.010002,1631500
12/30/2016,117.559998,117.949997,116.589996,117.129997,1739500
1/3/2017,117.379997,117.809998,115.82,116.459999,2351600
1/4/2017,116.910004,117.800003,116.43,116.739998,2639800
1/5/2017,116.980003,117.139999,114.949997,114.989998,3685400
1/6/2017,114.989998,116.739998,114.339996,116.300003,4125300
1/9/2017,116.139999,116.349998,114.919998,115,2550800
1/10/2017,114.940002,115.989998,114.639999,115.059998,2550100
1/11/2017,115.400002,116.260002,114.910004,116.120003,2845800
1/12/2017,115.620003,115.970001,114.839996,115.779999,2110800
1/13/2017,115.349998,117.440002,115.349998,116.949997,2665600
1/17/2017,115.919998,116.360001,115.470001,116.029999,2373200
1/18/2017,116.540001,116.949997,115.739998,115.949997,2262200
1/19/2017,115.599998,116,115.269997,115.5,1647100
1/20/2017,115.879997,116.25,114.809998,115.07,2781400
1/23/2017,114.779999,115.269997,114.610001,114.82,2320000
1/24/2017,115.199997,116.639999,114.839996,116.480003,2810100
1/25/2017,116.900002,118.360001,116.699997,117.57,2905900
1/26/2017,116.989998,117.440002,115.620003,115.93,2864600
1/27/2017,116.199997,116.440002,115.07,115.349998,2545100
1/30/2017,115.32,115.330002,113.410004,114.629997,2529700
1/31/2017,113.970001,114.019997,112.610001,113.870003,2339000
2/1/2017,113.800003,114.769997,112.309998,113.209999,2471600
2/2/2017,113.150002,113.769997,112.709999,113.639999,2450500
2/3/2017,114,114.830002,113.339996,114.489998,1663700
2/6/2017,114.07,115.220001,113.379997,114.18,2019400
2/7/2017,114.949997,116.169998,114.949997,115.919998,2538200
2/8/2017,116.150002,116.150002,114.919998,115.43,2373700
2/9/2017,115.43,117.459999,115.43,116.980003,2117100
2/10/2017,116.699997,118.839996,116.519997,117.599998,2183000
2/13/2017,117.900002,118.949997,117.730003,118.589996,1988400
2/14/2017,118.470001,120,118.410004,120,2559400
2/15/2017,119.610001,120.169998,119.300003,119.93,1951100
2/16/2017,119.93,120.989998,119.529999,120.720001,1966900
2/17/2017,120.510002,121.290001,120.099998,121.230003,1904900
2/21/2017,120.629997,122.220001,120.57,122.099998,2117100
2/22/2017,121.660004,122.879997,121.580002,122.209999,1557000
2/23/2017,122.589996,122.709999,121.730003,122.480003,1439600
2/24/2017,122,123.43,121.599998,123.43,1447700
2/27/2017,123.010002,123.43,122.480003,122.790001,1679800
2/28/2017,122.75,123.089996,121.93,122.5,1744900
3/1/2017,123.239998,124.290001,122.459999,124.07,1879700
3/2/2017,123.989998,124.43,123.559998,124.349998,1896600
3/3/2017,124.199997,124.25,122.989998,123.639999,2123000
3/6/2017,122.989998,123.43,122.529999,123.239998,1814100
3/7/2017,123.629997,124.379997,123.120003,124.139999,2705300
3/8/2017,124.110001,124.790001,123.779999,124.459999,2168600
3/9/2017,124.370003,124.370003,122.650002,123.18,2338100
3/10/2017,123.650002,124.330002,123.07,123.93,1931100
3/13/2017,124.230003,124.75,123.470001,124.040001,2233700
3/14/2017,124.169998,124.730003,123.629997,123.910004,1627800
3/15/2017,123.410004,124.989998,123.029999,124.800003,2087700
3/16/2017,124.889999,125.190002,123.610001,124.099998,2182000
3/17/2017,124.709999,125.449997,123.830002,125.220001,4603600
3/20/2017,125.220001,125.389999,124.169998,124.389999,2257400
3/21/2017,125.080002,125.410004,123.629997,124.639999,3219900
3/22/2017,125.029999,126.529999,124.470001,126.480003,4288600
3/23/2017,122.709999,123.010002,120.540001,120.760002,7116800
3/24/2017,120.779999,121.309998,118.760002,118.980003,3949800
3/27/2017,118.730003,119.800003,118.300003,119.389999,3122800
3/28/2017,119.82,122.339996,119.010002,121.349998,5516000
3/29/2017,121.660004,121.709999,120.150002,120.980003,2438900
3/30/2017,120.889999,121,120.050003,120.519997,2030200
3/31/2017,120.709999,121.209999,119.839996,119.879997,2102800
4/3/2017,118,118.169998,117,117.639999,3917500
4/4/2017,117.279999,118.07,117.279999,118.040001,1690600
4/5/2017,118.239998,119.089996,117.489998,117.639999,1902100
4/6/2017,117.68,117.93,116.760002,116.809998,2049600
4/7/2017,117,117.739998,116.5,117.440002,2408000
4/10/2017,117.5,118.559998,117.370003,117.839996,2308300
4/11/2017,116.18,116.800003,115.790001,116.080002,2295300
4/12/2017,116.050003,116.400002,115.470001,115.580002,2087800
4/13/2017,115.360001,115.889999,114.82,114.860001,1838900
4/17/2017,114.879997,115.730003,114.879997,115.720001,1168300
4/18/2017,115.5,116.360001,115.389999,116.239998,1978100
4/19/2017,116.370003,117.360001,116,116.949997,2185400
4/20/2017,117.650002,119.860001,117.379997,119.209999,3743500
4/21/2017,119.739998,119.980003,119.029999,119.230003,2639000
4/24/2017,119.940002,120.510002,119.110001,119.360001,2106800
4/25/2017,119.379997,119.940002,118.68,118.690002,1947200
4/26/2017,118.730003,119.459999,118.400002,118.980003,1581400
4/27/2017,119.120003,120.620003,119.120003,120.489998,2008200
4/28/2017,120.190002,121.349998,120.029999,121.300003,2473500
5/1/2017,121.370003,121.690002,121.099998,121.25,1931900
5/2/2017,121.290001,121.709999,120.209999,120.68,2697100
5/3/2017,120.43,120.870003,119.669998,120.300003,1762100
5/4/2017,120.75,120.989998,120.220001,120.82,1557500
5/5/2017,120.910004,121.519997,120.769997,121.519997,1716900
5/8/2017,121.099998,121.519997,120.760002,121.110001,1522100
5/9/2017,121.300003,121.629997,120.910004,121.07,1094400
5/10/2017,121.07,121.370003,120.559998,121.199997,1343600
5/11/2017,120.75,120.900002,119.669998,120.800003,1835200
5/12/2017,120.379997,121.5,120.379997,120.959999,2362300
5/15/2017,120.959999,122.540001,120.760002,122.25,1772200
5/16/2017,122.690002,123.309998,122.220001,123.139999,2180600
5/17/2017,123.139999,123.139999,120.339996,120.440002,2277900
5/18/2017,120.860001,121.029999,119.410004,120.400002,1968800
5/19/2017,121.010002,121.209999,120.190002,120.980003,2190100
5/22/2017,121.599998,122.839996,121.220001,122.709999,1912500
5/23/2017,122.860001,123.07,121.800003,122.150002,1472300
5/24/2017,120.43,122.150002,120.300003,121.949997,2026900
5/25/2017,122.75,123.559998,122.199997,123.099998,1425500
5/26/2017,122.940002,123.110001,122.519997,122.889999,1414500
5/30/2017,122.610001,123.970001,122.349998,123.769997,1373000
5/31/2017,124,124.599998,123.529999,124.470001,2655600
6/1/2017,124.93,125.290001,123.860001,125.290001,1902600
6/2/2017,125.370003,125.980003,124.889999,125.739998,1766000
6/5/2017,126,126.980003,125.440002,126.580002,1950000
6/6/2017,126.190002,127,126.010002,126.330002,1513600
6/7/2017,126.080002,126.769997,125.529999,126.550003,1640400
6/8/2017,126.550003,127,125.519997,126.169998,2119100
6/9/2017,126,126.739998,124.980003,125.82,1929200
6/12/2017,125.529999,126.300003,124.730003,126.300003,2355800
6/13/2017,126.440002,127.559998,126.080002,127.07,2434100
6/14/2017,127.800003,128,126.699997,127.25,1861200
6/15/2017,126.279999,127.360001,124.5,127.029999,2196300
6/16/2017,127.519997,128,126.529999,127.559998,2965400
6/19/2017,128.470001,128.470001,127.389999,127.769997,2123000
6/20/2017,127.330002,127.639999,126.379997,126.529999,2356400
6/21/2017,127.07,127.18,126.029999,127.110001,3257900
6/22/2017,122.970001,123.900002,119.099998,122.080002,8691100
6/23/2017,122.139999,123.620003,121.720001,122.739998,3817800
6/26/2017,123.150002,124.050003,122.279999,122.339996,2623000
6/27/2017,122.5,122.839996,122,122.190002,2214800
6/28/2017,122.779999,123.830002,122.190002,123.739998,1727500
6/29/2017,123.5,123.5,122.610001,122.989998,2687300
6/30/2017,123.300003,124.400002,123.150002,123.68,2290300
7/3/2017,123.82,124.879997,123.790001,123.93,1236200
7/5/2017,124,124.779999,123.989998,124.050003,1328600
7/6/2017,123.349998,123.629997,122.029999,122.940002,1938100
7/7/2017,123.550003,124.75,123.07,124.209999,1889400
7/10/2017,124.050003,124.370003,123.589996,124.059998,1301500
7/11/2017,124.059998,124.099998,123.199997,123.849998,1379800
7/12/2017,124.300003,125.480003,124.120003,125.470001,2017900
7/13/2017,125.699997,126.349998,125.440002,125.730003,1713700
7/14/2017,126.190002,126.959999,125.730003,126.699997,1752900
7/17/2017,126.769997,127.050003,126.150002,126.419998,2005600
7/18/2017,126.25,127.57,125.480003,127.370003,1641400
7/19/2017,127.5,128,126.720001,127.779999,2275300
7/20/2017,127.900002,128.759995,127.650002,128.539993,1655300
7/21/2017,128.539993,128.960007,128.009995,128.850006,1765400
7/24/2017,128.270004,128.5,127.589996,128.009995,1763200
7/25/2017,128.25,129.309998,127.68,128.949997,1600000
7/26/2017,129,129.610001,128.740005,129.509995,1615300
7/27/2017,129.699997,129.699997,127.419998,128.160004,2097000
7/28/2017,127.980003,128.529999,127.309998,128.399994,1133900
7/31/2017,128.5,129.160004,128.190002,128.820007,1584400
8/1/2017,129.100006,129.889999,128.949997,129.860001,3465700
8/2/2017,129.699997,129.839996,128.529999,128.619995,1318300
8/3/2017,129.220001,130.279999,127.989998,130.020004,3559700
8/4/2017,130.059998,130.669998,129.539993,130.199997,1283200
8/7/2017,129.830002,130.350006,129.380005,129.679993,952900
8/8/2017,129.320007,129.889999,128.940002,129.130005,1099500
8/9/2017,129.009995,129.779999,128.919998,129.619995,1216900
8/10/2017,129.220001,129.779999,128.190002,128.240005,1800900
8/11/2017,128.669998,128.710007,128.119995,128.199997,1105500
8/14/2017,128.880005,129.869995,128.630005,129.690002,1417200
8/15/2017,129.410004,129.800003,128.740005,129.380005,1152500
8/16/2017,129.660004,130.490005,129.399994,130.029999,1935500
8/17/2017,129.880005,130.029999,127.559998,127.589996,1567200
8/18/2017,127.730003,128.289993,127.269997,127.440002,1263500
8/21/2017,127.489998,128.309998,127.260002,128.169998,1284500
8/22/2017,128.559998,129.470001,127.989998,129.309998,959500
8/23/2017,128.679993,129.139999,128.279999,128.360001,1543300
8/24/2017,128.589996,129.080002,128.270004,128.669998,1099000
8/25/2017,129.320007,129.779999,129.179993,129.389999,1252400
8/28/2017,129.710007,129.899994,129.020004,129.240005,999900
8/29/2017,128.470001,129.990005,128.289993,129.660004,1170800
8/30/2017,129.649994,129.960007,129.089996,129.789993,1149100
8/31/2017,130,130.919998,129.830002,130.759995,2003500
9/1/2017,130.949997,130.949997,129.869995,130.100006,1528300
9/5/2017,130.100006,130.389999,129.100006,129.770004,2442400
9/6/2017,130.210007,131.380005,130.050003,131.119995,1549900
9/7/2017,131.5,134.830002,131.360001,134.240005,2094800
9/8/2017,134.410004,134.970001,133.649994,133.720001,2178800
9/11/2017,134.619995,136.259995,133.610001,136.229996,1667200
9/12/2017,136.559998,136.949997,136.009995,136.220001,1658800
9/13/2017,135.910004,136.169998,134.210007,134.779999,3078600
9/14/2017,134.5,135.240005,134,134.860001,3290500
9/15/2017,135,135.649994,134.039993,135.350006,3713500
9/18/2017,135.490005,137.350006,135.490005,136.940002,2496500
9/19/2017,137,137.789993,136.710007,136.710007,2379600
9/20/2017,136.009995,138.149994,136.009995,138.009995,1997700
9/21/2017,137.949997,138.119995,136.570007,136.660004,2007000
9/22/2017,136.679993,138,136.5,137.899994,1918500
9/25/2017,137.940002,138.270004,137.259995,138.160004,2463200
9/26/2017,138.5,138.699997,136.75,136.839996,2911500
9/27/2017,137.320007,137.539993,136.119995,136.639999,3885500
9/28/2017,132.789993,137.679993,132.270004,136.320007,4246400
9/29/2017,136.910004,137.570007,134.839996,135.070007,3312000
10/2/2017,135.229996,135.839996,134.619995,135.440002,2667500
10/3/2017,134.839996,135.970001,133.660004,134.25,2534900
10/4/2017,134.520004,135.679993,134.460007,135.160004,2193000
10/5/2017,135.5,136.369995,135.270004,136.220001,1666100
10/6/2017,136.160004,136.970001,135.720001,136.25,1275700
10/9/2017,136.25,137,136.029999,136.990005,1012100
10/10/2017,137,138,136.850006,137.520004,1804100
10/11/2017,137.190002,137.520004,136.410004,136.910004,2648200
10/12/2017,136.979996,139.649994,136.139999,139.199997,2872200
10/13/2017,139.580002,140,138.199997,139.199997,1687200
10/16/2017,139.429993,139.570007,138.119995,139.089996,1453100
10/17/2017,138.910004,139.279999,138.279999,138.649994,1446700
10/18/2017,138.229996,138.630005,137.360001,137.419998,1584800
10/19/2017,137.449997,138.669998,136.839996,138.619995,1351700
10/20/2017,139.169998,139.5,138.509995,139.490005,1368900
10/23/2017,139.75,140.169998,139.050003,139.330002,1518200
10/24/2017,139.339996,139.429993,138.050003,138.910004,1215000
10/25/2017,139,141.240005,138.660004,141.160004,2354700
10/26/2017,141.580002,142.910004,141.339996,141.970001,1965500
10/27/2017,142.639999,143.610001,141.990005,143.279999,2367600
10/30/2017,143.389999,143.779999,142.130005,143.289993,2145000
10/31/2017,143.179993,143.289993,142.160004,142.360001,2255300
11/1/2017,142.259995,143.190002,141.470001,142.960007,2060100
11/2/2017,142.5,143.779999,141.929993,143.429993,1585200
11/3/2017,143.429993,144.690002,143.100006,144.039993,1336000
11/6/2017,143.119995,144.210007,142.289993,143.929993,1488700
11/7/2017,144.479996,144.479996,142.940002,143.5,1284400
11/8/2017,143.759995,145,143,144.889999,1208300
11/9/2017,144.610001,144.729996,142.970001,143.830002,1288500
11/10/2017,143.520004,144.070007,142.699997,143.889999,922500
11/13/2017,143.610001,144.279999,143.160004,143.919998,1456200
11/14/2017,143.410004,145.5,142.770004,144.960007,1811900
11/15/2017,144.410004,145,143.679993,144.259995,1792800
11/16/2017,144.960007,147.279999,144.600006,147.039993,2040100
11/17/2017,146.389999,146.789993,144.75,145.449997,2557100
11/20/2017,145.369995,146.850006,144.880005,146.570007,1602600
11/21/2017,147,148.470001,146.410004,148.009995,1732000
11/22/2017,147.850006,148.320007,147.029999,147.110001,1263700
11/24/2017,148.169998,148.169998,146.800003,147.630005,601800
11/27/2017,148,148.100006,147.429993,147.5,1352100
11/28/2017,148.009995,148.490005,146.649994,148.039993,1925900
11/29/2017,148.559998,148.559998,145.229996,146.949997,1973000
11/30/2017,147,148.600006,146.800003,148.009995,2837100
12/1/2017,147.699997,148.360001,145.75,146.570007,1971600
12/4/2017,147.5,147.970001,146.080002,147.149994,2099800
12/5/2017,147.240005,148.479996,146.789993,147.669998,1398900
12/6/2017,147.979996,148.479996,147.270004,148.270004,1363400
12/7/2017,148,148.660004,147.240005,148.600006,1526400
12/8/2017,149.100006,150.589996,148.720001,150.529999,1736000
12/11/2017,150.550003,151.139999,150.130005,150.690002,1983300
12/12/2017,150.610001,152.800003,149.960007,152.100006,2317900
12/13/2017,151.809998,152.75,150.410004,151.419998,1596800
12/14/2017,151.839996,152.410004,151.149994,151.210007,1612500
12/15/2017,152.539993,152.899994,150.660004,152.660004,3498800
12/18/2017,153.050003,153.75,151.580002,151.720001,2277500
12/19/2017,151.960007,152.789993,150.990005,152.220001,2063900
12/20/2017,152.179993,152.869995,151.619995,151.75,3206200
12/21/2017,156.300003,158.440002,153.910004,154.199997,4563600
12/22/2017,155.779999,156,153.800003,153.889999,1818600
12/26/2017,153.139999,153.470001,152.460007,152.990005,1514400
12/27/2017,153.240005,153.759995,152.830002,153.320007,1690400
12/28/2017,153.460007,153.910004,152.990005,153.570007,1124300
12/29/2017,154.429993,154.580002,153.070007,153.089996,1452100
1/2/2018,153.5,154.100006,152.779999,153.839996,3061900
1/3/2018,152.990005,154.990005,152.990005,154.550003,2064200
1/4/2018,155,156.860001,154.770004,156.380005,1777000
1/5/2018,156.610001,157.720001,156.130005,157.669998,1597600
1/8/2018,157.369995,159.009995,156.839996,158.929993,2616900
1/9/2018,158.5,159.490005,157.449997,159.460007,3204700
1/10/2018,158.949997,159.149994,157.729996,158.899994,1624100
1/11/2018,158.899994,159.399994,158.050003,159.110001,1809200
1/12/2018,159.5,160.639999,158.570007,160.110001,2048800
1/16/2018,160.25,160.369995,157.910004,157.960007,2858700
1/17/2018,159.100006,160.470001,158.809998,160.210007,2084300
1/18/2018,160.130005,161.080002,159.820007,160.940002,1715500
1/19/2018,161.600006,162.5,160.199997,161.75,2246700
1/22/2018,161.210007,161.880005,160.820007,161.429993,1720000
1/23/2018,161.289993,162.050003,160.639999,160.880005,1635800
1/24/2018,161.199997,161.990005,160.539993,160.600006,1951900
1/25/2018,161.119995,161.75,160.619995,160.789993,1327100
1/26/2018,161.25,162.580002,160.330002,162.550003,1950700
1/29/2018,162.330002,162.600006,160.970001,161.190002,1314800
1/30/2018,160.960007,161.160004,159.110001,159.699997,1700000
1/31/2018,160.089996,160.949997,159.729996,160.699997,1878300
2/1/2018,160.160004,161.130005,159.539993,160.460007,1692600
2/2/2018,159.979996,160.270004,156.630005,156.899994,2183600
2/5/2018,156.119995,159.270004,150.729996,151.830002,3733700
2/6/2018,150.289993,155.179993,149.429993,154.690002,4259600
2/7/2018,154.220001,158.929993,153.070007,155.149994,2918700
2/8/2018,155.309998,155.470001,150.369995,150.509995,2900900
2/9/2018,151.690002,154.990005,148.789993,153.839996,3656800
2/12/2018,154.669998,156.470001,153.899994,154.949997,2273700
2/13/2018,154.199997,156.990005,153.990005,156.839996,2059500
2/14/2018,156.009995,160.119995,155.149994,159.789993,2583200
2/15/2018,160.389999,161.110001,158.110001,161.059998,1854900
2/16/2018,160.960007,163.600006,160.850006,162.660004,1997900
2/20/2018,162.380005,162.720001,161.070007,161.440002,1425700
2/21/2018,161.589996,163.759995,160.419998,160.460007,1628600
2/22/2018,161.080002,162,159.910004,160.320007,1511700
2/23/2018,161.100006,163.050003,160.320007,162.949997,1577200
2/26/2018,163.820007,164.830002,162.919998,164.740005,1782800
2/27/2018,164.800003,165.580002,162.550003,162.550003,1820800
2/28/2018,162.899994,164.389999,160.949997,161.009995,2002200
3/1/2018,161.279999,161.589996,155.880005,156.149994,3005400
3/2/2018,155.210007,157.630005,154.690002,157.5,2960100
3/5/2018,157.169998,159.660004,156.990005,158.850006,1936800
3/6/2018,159.169998,160.149994,156.979996,158.029999,2352500
3/7/2018,156.979996,158.960007,156.520004,158.550003,3176200
3/8/2018,159.009995,159.419998,158.039993,158.5,3093200
3/9/2018,159.649994,161.830002,159.210007,161.509995,2988000
3/12/2018,162,162.770004,161.020004,161.690002,2105000
3/13/2018,162.119995,164.300003,162.059998,162.490005,2742200
3/14/2018,162.759995,163.199997,160.419998,161,2214800
3/15/2018,161.289993,163.490005,160.889999,162.860001,1840300
3/16/2018,162.610001,163.289993,160.880005,160.889999,4018600
3/19/2018,160.559998,161.5,159.369995,160.619995,1890000
3/20/2018,160.949997,163.149994,160.949997,162.880005,2249400
3/21/2018,163.199997,163.720001,161.929993,162.029999,3452600
3/22/2018,156.75,157.940002,149.729996,150.229996,8203600
3/23/2018,151.330002,152.470001,147.160004,147.350006,4039800
3/26/2018,149,153.169998,149,152.850006,4231000
3/27/2018,153.229996,153.660004,147.800003,148.860001,3212000
3/28/2018,149.679993,150.350006,147.339996,147.410004,2965700
3/29/2018,148.289993,153.5,147.820007,153.5,3595900
4/2/2018,151.820007,151.820007,146.5,147.979996,2845800
4/3/2018,148.490005,148.970001,146.050003,148.789993,2363300
4/4/2018,146.690002,150.479996,146.059998,149.970001,2161100
4/5/2018,151.100006,152.070007,150.009995,151.570007,3336300
4/6/2018,149.899994,150.789993,146.190002,147.380005,1927200
4/9/2018,148.259995,150.429993,148.009995,148.25,1465800
4/10/2018,149.990005,152.740005,149.839996,152.050003,2257400
4/11/2018,149.399994,149.869995,148.160004,148.399994,1734900
4/12/2018,149.179993,151.130005,148.929993,150.089996,2005600
4/13/2018,151,151.410004,149.460007,150.130005,1607800
4/16/2018,151.449997,152.050003,150.479996,151.419998,2151600
4/17/2018,152.649994,154.589996,152.080002,154.240005,2702300
4/18/2018,154.350006,155.699997,153.339996,155.520004,1975700
4/19/2018,155,155.210007,153.619995,154.589996,1512900
4/20/2018,154.020004,154.75,151.910004,152.410004,2302000
4/23/2018,153.229996,153.460007,152.110001,153.039993,1533000
4/24/2018,153.570007,154.339996,149.850006,151.070007,1922600
4/25/2018,151.5,151.5,148.429993,150.089996,2040200
4/26/2018,150.929993,153.130005,150.600006,152.289993,1634600
4/27/2018,152.289993,152.970001,151.190002,152.389999,1179500
4/30/2018,153.169998,153.259995,151.179993,151.199997,1504700
5/1/2018,151.089996,151.949997,150.119995,151.919998,1204800
5/2/2018,151.720001,152.089996,150.410004,150.710007,1642100
5/3/2018,150.300003,152.039993,149.139999,151.729996,1725000
5/4/2018,150.710007,153.960007,150.350006,153.440002,1504100
5/7/2018,152.949997,153.080002,151.839996,152.300003,2057000
5/8/2018,151.350006,152.5,151.029999,151.940002,1770100
5/9/2018,152.899994,154.979996,152.199997,154.619995,1515300
5/10/2018,154.990005,157,154.429993,156.539993,1299400
5/11/2018,156.539993,157.619995,155.820007,157.080002,1211600
5/14/2018,157.320007,157.649994,155.309998,155.570007,1636700
5/15/2018,154.729996,154.800003,153.380005,154.070007,1774500
5/16/2018,154.5,155.050003,153.660004,154.080002,1946900
5/17/2018,154.410004,155.720001,153.820007,154.929993,1615300
5/18/2018,155,155.929993,154.619995,155.309998,1517400
5/21/2018,156.020004,157.419998,156.020004,156.940002,1653000
